,Estado,Idade,Casos_F,Casos_M,Obitos_F,Obitos_M
0,ac,0,275,228,3,2
1,ac,1,220,186,2,2
2,ac,2,142,173,0,0
3,ac,3,117,121,0,0
4,ac,4,119,95,0,0
5,ac,5,101,119,0,1
6,ac,6,117,111,0,0
7,ac,7,125,120,0,0
8,ac,8,123,122,0,0
9,ac,9,168,156,0,0
10,ac,10,142,112,0,0
11,ac,11,148,161,1,0
12,ac,12,202,193,0,0
13,ac,13,195,177,0,0
14,ac,14,269,174,0,0
15,ac,15,303,211,0,0
16,ac,16,353,199,0,2
17,ac,17,398,251,0,0
18,ac,18,420,288,2,2
19,ac,19,487,324,0,0
20,ac,20,585,336,2,2
21,ac,21,619,438,0,0
22,ac,22,665,435,0,1
23,ac,23,704,507,0,0
24,ac,24,761,564,0,0
25,ac,25,795,570,1,1
26,ac,26,762,583,2,1
27,ac,27,781,578,3,2
28,ac,28,776,587,2,1
29,ac,29,896,515,4,1
30,ac,30,809,637,2,2
31,ac,31,860,698,0,1
32,ac,32,833,724,2,1
33,ac,33,840,682,2,1
34,ac,34,849,769,4,4
35,ac,35,908,752,3,9
36,ac,36,838,737,2,4
37,ac,37,876,734,0,6
38,ac,38,924,749,5,2
39,ac,39,913,785,2,7
40,ac,40,854,761,8,8
41,ac,41,917,738,5,10
42,ac,42,805,707,1,9
43,ac,43,767,622,4,7
44,ac,44,728,624,9,9
45,ac,45,705,635,2,4
46,ac,46,659,532,6,8
47,ac,47,635,563,2,10
48,ac,48,584,552,5,3
49,ac,49,578,447,8,9
50,ac,50,532,494,5,9
51,ac,51,544,450,9,13
52,ac,52,457,408,5,12
53,ac,53,428,378,5,11
54,ac,54,444,419,7,11
55,ac,55,448,417,4,17
56,ac,56,382,351,6,10
57,ac,57,367,328,8,10
58,ac,58,320,329,9,18
59,ac,59,347,311,8,16
60,ac,60,337,304,12,14
61,ac,61,320,303,11,16
62,ac,62,259,284,11,18
63,ac,63,323,264,21,13
64,ac,64,308,221,21,12
65,ac,65,273,243,11,17
66,ac,66,247,235,15,21
67,ac,67,214,228,12,17
68,ac,68,206,214,13,7
69,ac,69,172,192,10,23
70,ac,70,223,188,21,13
71,ac,71,160,185,10,15
72,ac,72,177,174,12,19
73,ac,73,151,160,12,18
74,ac,74,139,145,14,11
75,ac,75,124,143,17,16
76,ac,76,102,139,16,13
77,ac,77,106,112,13,20
78,ac,78,111,131,13,14
79,ac,79,89,87,10,15
80,ac,80,102,105,8,16
81,ac,81,83,79,12,12
82,ac,82,71,89,6,18
83,ac,83,57,75,6,18
84,ac,84,73,51,12,16
85,ac,85,69,51,15,12
86,ac,86,50,51,9,13
87,ac,87,30,57,6,13
88,ac,88,34,35,8,5
89,ac,89,25,25,4,8
90,ac,90,28,34,6,9
91,ac,91,28,36,8,15
92,ac,92,16,28,2,8
93,ac,93,11,19,0,3
94,ac,94,13,13,1,5
95,ac,95,14,13,7,4
96,ac,96,4,2,2,1
97,ac,97,8,3,2,2
98,ac,98,7,5,0,3
99,ac,99,2,7,0,2
100,ac,100,8,6,1,0
101,ac,101,1,7,0,0
102,ac,102,2,3,1,0
103,ac,103,3,0,0,0
104,ac,104,1,0,0,0
105,ac,105,1,2,0,1
106,ac,106,0,2,0,2
107,ac,107,1,0,0,0
108,ac,108,1,1,0,0
109,ac,109,0,0,0,0
0,al,0,509,433,8,7
1,al,1,358,467,3,2
2,al,2,391,373,1,0
3,al,3,320,300,0,1
4,al,4,271,263,0,1
5,al,5,283,293,0,1
6,al,6,307,249,0,2
7,al,7,335,248,0,0
8,al,8,308,288,0,0
9,al,9,315,307,1,1
10,al,10,347,349,0,1
11,al,11,400,322,0,1
12,al,12,444,403,1,1
13,al,13,468,398,1,0
14,al,14,570,462,1,0
15,al,15,658,529,1,0
16,al,16,799,553,2,2
17,al,17,905,669,0,0
18,al,18,1107,864,0,0
19,al,19,1304,1034,0,3
20,al,20,1505,1123,4,1
21,al,21,1653,1321,3,1
22,al,22,1925,1406,1,0
23,al,23,1990,1482,3,3
24,al,24,2243,1668,1,2
25,al,25,2256,1752,1,2
26,al,26,2409,1830,2,2
27,al,27,2250,1915,4,2
28,al,28,2261,1756,2,1
29,al,29,2370,1858,6,4
30,al,30,2326,1948,2,3
31,al,31,2497,2029,1,7
32,al,32,2637,2071,4,7
33,al,33,2651,2112,4,11
34,al,34,2800,2127,1,5
35,al,35,2714,2098,8,11
36,al,36,2651,2125,5,10
37,al,37,2752,2176,11,11
38,al,38,2895,2264,13,13
39,al,39,2936,2315,10,19
40,al,40,2637,2098,10,14
41,al,41,2654,1967,10,17
42,al,42,2656,2070,9,8
43,al,43,2544,1939,11,12
44,al,44,2639,2080,14,17
45,al,45,2332,1902,13,23
46,al,46,2352,1835,9,24
47,al,47,2228,1714,16,23
48,al,48,2075,1617,16,23
49,al,49,1968,1544,17,22
50,al,50,1954,1515,18,32
51,al,51,1976,1501,13,27
52,al,52,1912,1517,19,22
53,al,53,1833,1407,17,26
54,al,54,1688,1386,28,23
55,al,55,1558,1214,28,22
56,al,56,1613,1228,15,43
57,al,57,1557,1177,22,27
58,al,58,1386,1088,26,32
59,al,59,1208,986,22,22
60,al,60,1218,946,33,21
61,al,61,1094,877,24,36
62,al,62,1060,815,30,37
63,al,63,996,774,35,46
64,al,64,858,716,32,37
65,al,65,860,670,32,39
66,al,66,795,687,41,41
67,al,67,815,642,22,37
68,al,68,740,640,28,51
69,al,69,611,596,28,56
70,al,70,582,490,27,38
71,al,71,598,432,24,34
72,al,72,479,449,23,49
73,al,73,477,446,31,47
74,al,74,433,372,39,42
75,al,75,355,366,33,50
76,al,76,412,329,38,39
77,al,77,343,267,38,50
78,al,78,327,302,25,55
79,al,79,260,239,25,46
80,al,80,250,235,30,35
81,al,81,268,217,34,39
82,al,82,243,182,26,30
83,al,83,182,136,26,34
84,al,84,189,141,25,35
85,al,85,169,128,39,18
86,al,86,135,105,22,23
87,al,87,103,73,17,16
88,al,88,90,67,17,21
89,al,89,92,54,23,11
90,al,90,84,56,16,15
91,al,91,83,41,16,14
92,al,92,48,26,8,8
93,al,93,32,24,4,6
94,al,94,31,13,6,1
95,al,95,34,11,8,3
96,al,96,20,12,4,4
97,al,97,14,4,2,2
98,al,98,9,9,0,3
99,al,99,12,7,3,1
100,al,100,11,6,1,2
101,al,101,2,4,1,0
102,al,102,4,2,2,1
103,al,103,5,5,1,1
104,al,104,8,2,0,1
105,al,105,1,3,0,0
106,al,106,7,0,1,0
107,al,107,0,1,0,1
108,al,108,1,2,0,1
109,al,109,1,2,0,0
0,am,0,1693,1587,2,1
1,am,1,1313,1465,2,0
2,am,2,927,872,0,0
3,am,3,731,749,0,0
4,am,4,587,671,2,0
5,am,5,628,655,0,0
6,am,6,672,631,1,0
7,am,7,671,631,0,1
8,am,8,661,639,0,0
9,am,9,705,598,0,0
10,am,10,755,686,0,1
11,am,11,808,719,0,2
12,am,12,904,825,0,0
13,am,13,1045,806,0,1
14,am,14,1276,901,0,1
15,am,15,1441,958,1,0
16,am,16,1655,1042,0,2
17,am,17,1850,1142,1,1
18,am,18,2056,1281,1,5
19,am,19,2444,1521,1,1
20,am,20,2571,1749,1,2
21,am,21,2971,2012,1,4
22,am,22,2965,2068,0,0
23,am,23,3283,2212,2,0
24,am,24,3472,2492,1,2
25,am,25,3654,2552,1,1
26,am,26,3818,2688,1,0
27,am,27,3803,2875,0,2
28,am,28,3656,2722,3,1
29,am,29,3969,2883,1,1
30,am,30,3736,2737,0,1
31,am,31,3970,2889,3,1
32,am,32,3990,3121,2,0
33,am,33,4272,3174,3,2
34,am,34,4358,3451,3,3
35,am,35,4390,3487,1,3
36,am,36,4653,3558,2,5
37,am,37,4446,3435,5,1
38,am,38,4688,3680,1,2
39,am,39,4631,3407,1,0
40,am,40,4475,3573,1,2
41,am,41,4618,3561,1,2
42,am,42,4325,3320,2,2
43,am,43,4286,3312,1,2
44,am,44,3875,3116,2,2
45,am,45,3990,3028,3,3
46,am,46,3928,2934,1,1
47,am,47,3572,2835,1,3
48,am,48,3437,2863,3,2
49,am,49,3354,2578,2,4
50,am,50,3211,2538,2,2
51,am,51,3032,2366,0,4
52,am,52,2905,2335,3,5
53,am,53,2843,2153,3,3
54,am,54,2697,2132,4,1
55,am,55,2448,2000,3,3
56,am,56,2626,1982,2,4
57,am,57,2395,1941,1,4
58,am,58,2311,1900,7,4
59,am,59,2074,1664,1,3
60,am,60,1929,1621,2,8
61,am,61,1800,1490,3,4
62,am,62,1709,1396,3,2
63,am,63,1593,1343,4,4
64,am,64,1441,1298,5,4
65,am,65,1392,1185,2,6
66,am,66,1289,1099,1,1
67,am,67,1300,1117,5,5
68,am,68,1119,1034,5,4
69,am,69,907,903,3,6
70,am,70,944,887,2,6
71,am,71,918,730,5,7
72,am,72,811,726,5,7
73,am,73,705,624,2,6
74,am,74,555,538,1,5
75,am,75,580,559,3,5
76,am,76,558,558,4,9
77,am,77,558,442,1,3
78,am,78,433,426,1,6
79,am,79,335,361,5,2
80,am,80,411,399,3,4
81,am,81,382,348,3,2
82,am,82,319,300,2,6
83,am,83,291,259,3,8
84,am,84,256,237,2,3
85,am,85,253,195,6,5
86,am,86,183,159,3,3
87,am,87,173,157,1,6
88,am,88,154,133,1,4
89,am,89,135,112,2,1
90,am,90,112,121,0,2
91,am,91,595,79,1,1
92,am,92,74,64,1,2
93,am,93,56,39,3,1
94,am,94,40,32,0,1
95,am,95,53,40,0,0
96,am,96,38,27,0,1
97,am,97,35,25,2,2
98,am,98,24,23,0,0
99,am,99,14,17,0,0
100,am,100,35,23,1,1
101,am,101,13,12,0,0
102,am,102,10,9,0,0
103,am,103,20,9,0,0
104,am,104,13,9,2,0
105,am,105,7,6,0,0
106,am,106,14,4,0,0
107,am,107,3,2,0,0
108,am,108,7,1,0,0
109,am,109,6,4,0,0
0,ap,0,459,368,0,1
1,ap,1,414,420,3,0
2,ap,2,312,299,0,2
3,ap,3,226,231,1,0
4,ap,4,204,207,0,0
5,ap,5,212,223,0,0
6,ap,6,207,243,0,0
7,ap,7,224,235,0,0
8,ap,8,246,229,0,0
9,ap,9,283,257,0,0
10,ap,10,292,231,0,0
11,ap,11,299,260,0,0
12,ap,12,323,262,1,0
13,ap,13,347,278,0,2
14,ap,14,412,328,0,0
15,ap,15,435,343,1,0
16,ap,16,483,352,0,0
17,ap,17,576,360,0,1
18,ap,18,638,449,0,1
19,ap,19,664,481,2,1
20,ap,20,801,536,0,1
21,ap,21,883,609,1,0
22,ap,22,909,628,2,0
23,ap,23,933,712,0,1
24,ap,24,1023,736,1,0
25,ap,25,1057,770,1,3
26,ap,26,993,799,5,2
27,ap,27,1173,828,5,1
28,ap,28,1050,874,3,2
29,ap,29,1079,821,1,0
30,ap,30,1117,859,1,2
31,ap,31,1160,876,1,3
32,ap,32,1245,996,2,2
33,ap,33,1185,958,1,1
34,ap,34,1221,904,0,0
35,ap,35,1336,1004,6,5
36,ap,36,1298,1008,6,9
37,ap,37,1234,1028,4,6
38,ap,38,1349,1052,2,5
39,ap,39,1344,1030,6,9
40,ap,40,1175,974,3,3
41,ap,41,1217,981,7,8
42,ap,42,1197,945,4,9
43,ap,43,1157,902,8,10
44,ap,44,1069,808,4,12
45,ap,45,1041,843,4,12
46,ap,46,981,835,3,15
47,ap,47,994,798,5,12
48,ap,48,953,831,10,10
49,ap,49,871,738,4,7
50,ap,50,893,726,8,13
51,ap,51,818,681,8,16
52,ap,52,751,672,6,16
53,ap,53,735,579,7,6
54,ap,54,700,588,7,20
55,ap,55,689,602,7,20
56,ap,56,603,542,13,13
57,ap,57,570,530,9,10
58,ap,58,539,459,4,16
59,ap,59,546,469,11,12
60,ap,60,559,422,12,8
61,ap,61,465,445,8,13
62,ap,62,442,430,13,15
63,ap,63,417,374,15,16
64,ap,64,412,383,16,15
65,ap,65,376,319,12,17
66,ap,66,337,268,14,18
67,ap,67,294,288,12,13
68,ap,68,266,269,8,16
69,ap,69,230,281,10,12
70,ap,70,211,232,12,12
71,ap,71,192,216,10,16
72,ap,72,159,192,8,19
73,ap,73,170,157,8,21
74,ap,74,146,145,8,9
75,ap,75,139,124,8,11
76,ap,76,137,124,10,15
77,ap,77,158,127,10,16
78,ap,78,115,118,9,20
79,ap,79,74,98,8,18
80,ap,80,103,69,15,11
81,ap,81,87,99,9,14
82,ap,82,65,56,8,16
83,ap,83,48,51,2,7
84,ap,84,56,46,6,6
85,ap,85,54,37,7,13
86,ap,86,46,34,8,6
87,ap,87,48,35,9,9
88,ap,88,37,28,5,5
89,ap,89,20,22,4,6
90,ap,90,26,23,5,3
91,ap,91,13,19,1,5
92,ap,92,24,10,9,2
93,ap,93,18,16,4,2
94,ap,94,10,10,5,1
95,ap,95,3,1,0,0
96,ap,96,5,2,0,1
97,ap,97,1,1,0,0
98,ap,98,5,1,0,0
99,ap,99,4,1,1,0
100,ap,100,5,2,0,0
101,ap,101,4,6,0,0
102,ap,102,6,2,0,0
103,ap,103,4,3,0,1
104,ap,104,3,2,0,0
105,ap,105,3,1,0,0
106,ap,106,2,0,1,0
107,ap,107,0,0,0,0
108,ap,108,1,0,1,0
109,ap,109,1,1,1,0
0,ba,0,3099,2757,20,26
1,ba,1,1770,1899,4,7
2,ba,2,1616,1736,2,3
3,ba,3,1510,1501,2,1
4,ba,4,1324,1395,0,1
5,ba,5,1448,1470,0,4
6,ba,6,1499,1477,0,0
7,ba,7,1530,1498,0,1
8,ba,8,1695,1566,1,2
9,ba,9,1674,1735,0,2
10,ba,10,1784,1692,2,2
11,ba,11,1956,1856,0,0
12,ba,12,2203,1896,1,2
13,ba,13,2405,2174,2,1
14,ba,14,2808,2391,1,0
15,ba,15,3297,2591,1,4
16,ba,16,3971,2968,1,3
17,ba,17,4454,3293,4,4
18,ba,18,5205,4027,2,3
19,ba,19,5904,4800,6,5
20,ba,20,6850,5639,2,6
21,ba,21,7657,6050,4,7
22,ba,22,7591,6064,7,3
23,ba,23,8363,6643,9,14
24,ba,24,8671,6913,5,16
25,ba,25,9087,7214,10,13
26,ba,26,9493,7496,13,13
27,ba,27,9787,7702,17,14
28,ba,28,9761,7602,14,11
29,ba,29,9854,7708,13,17
30,ba,30,9564,7747,16,19
31,ba,31,10446,8473,18,22
32,ba,32,11000,8858,21,14
33,ba,33,12228,9518,19,20
34,ba,34,12253,9899,26,26
35,ba,35,12578,10253,33,29
36,ba,36,11859,10038,27,41
37,ba,37,12124,9916,24,46
38,ba,38,12813,10578,31,57
39,ba,39,12874,10895,37,61
40,ba,40,11933,9964,41,48
41,ba,41,11930,9708,38,57
42,ba,42,11162,8972,47,47
43,ba,43,10854,8839,60,69
44,ba,44,9807,8276,57,70
45,ba,45,9476,7796,42,74
46,ba,46,9284,7629,52,93
47,ba,47,8404,7185,40,68
48,ba,48,8505,7092,52,87
49,ba,49,7998,6633,51,89
50,ba,50,7730,6653,44,77
51,ba,51,7605,6257,54,95
52,ba,52,7476,6302,80,96
53,ba,53,7112,5932,76,110
54,ba,54,7023,5829,79,97
55,ba,55,6743,5566,82,108
56,ba,56,6480,5324,85,131
57,ba,57,6321,5087,83,125
58,ba,58,5837,4634,91,123
59,ba,59,5091,4428,90,114
60,ba,60,5029,4360,101,139
61,ba,61,4820,3926,111,155
62,ba,62,4348,3808,118,184
63,ba,63,4271,3652,124,151
64,ba,64,3721,3157,121,142
65,ba,65,3597,3046,128,144
66,ba,66,3414,2901,142,175
67,ba,67,3073,2690,140,151
68,ba,68,2897,2666,138,193
69,ba,69,2798,2412,151,201
70,ba,70,2659,2344,163,197
71,ba,71,2417,2051,143,168
72,ba,72,2253,2010,147,202
73,ba,73,2163,1873,173,185
74,ba,74,1890,1630,146,163
75,ba,75,1755,1502,133,161
76,ba,76,1745,1479,159,180
77,ba,77,1694,1389,137,186
78,ba,78,1565,1279,155,192
79,ba,79,1217,1072,136,147
80,ba,80,1333,1147,148,164
81,ba,81,1341,1117,145,172
82,ba,82,1180,907,149,130
83,ba,83,980,831,139,167
84,ba,84,917,704,125,123
85,ba,85,866,668,112,121
86,ba,86,686,604,106,145
87,ba,87,627,431,109,97
88,ba,88,645,466,135,96
89,ba,89,457,386,72,92
90,ba,90,488,320,103,71
91,ba,91,394,292,78,80
92,ba,92,345,220,68,56
93,ba,93,276,179,70,59
94,ba,94,206,163,36,41
95,ba,95,174,127,49,52
96,ba,96,154,88,38,19
97,ba,97,102,71,28,20
98,ba,98,70,64,23,15
99,ba,99,64,43,14,16
100,ba,100,74,37,13,8
101,ba,101,42,22,10,3
102,ba,102,33,14,5,3
103,ba,103,32,23,4,3
104,ba,104,23,10,4,2
105,ba,105,7,8,0,1
106,ba,106,12,7,3,0
107,ba,107,15,8,1,1
108,ba,108,6,2,2,1
109,ba,109,9,2,0,0
0,ce,0,1780,1610,8,4
1,ce,1,1246,1467,2,5
2,ce,2,1077,1156,0,1
3,ce,3,951,977,0,0
4,ce,4,802,862,0,1
5,ce,5,961,958,0,0
6,ce,6,951,977,0,0
7,ce,7,944,945,0,1
8,ce,8,1021,962,1,1
9,ce,9,1078,1082,1,0
10,ce,10,1205,1113,1,0
11,ce,11,1216,1164,0,2
12,ce,12,1327,1375,1,0
13,ce,13,1564,1429,0,0
14,ce,14,1746,1547,2,1
15,ce,15,2132,1609,1,0
16,ce,16,2319,1775,0,1
17,ce,17,2701,2092,2,2
18,ce,18,3243,2630,4,4
19,ce,19,3808,3176,5,1
20,ce,20,4589,3777,0,1
21,ce,21,5153,4275,3,7
22,ce,22,5379,4393,5,4
23,ce,23,5853,4934,3,3
24,ce,24,6300,5004,2,4
25,ce,25,6738,5399,5,9
26,ce,26,6685,5163,8,8
27,ce,27,6414,5245,6,5
28,ce,28,6728,5441,3,5
29,ce,29,6495,5394,4,9
30,ce,30,6268,5191,6,10
31,ce,31,7097,5817,10,4
32,ce,32,7223,5947,11,15
33,ce,33,7275,5910,6,11
34,ce,34,7153,5910,16,10
35,ce,35,7493,6066,9,15
36,ce,36,6764,5539,11,11
37,ce,37,6640,5366,15,17
38,ce,38,6961,5775,11,20
39,ce,39,6852,5455,14,25
40,ce,40,6547,5208,14,24
41,ce,41,6261,5044,18,19
42,ce,42,6126,4853,14,25
43,ce,43,5929,4739,12,35
44,ce,44,5565,4346,14,25
45,ce,45,5441,4271,27,26
46,ce,46,5429,4195,16,31
47,ce,47,5042,3970,14,30
48,ce,48,5136,3982,24,25
49,ce,49,4572,3633,12,26
50,ce,50,4871,3555,22,27
51,ce,51,4854,3617,24,37
52,ce,52,4582,3452,15,38
53,ce,53,4459,3406,25,48
54,ce,54,4500,3377,30,47
55,ce,55,4268,3166,29,36
56,ce,56,4230,3176,31,34
57,ce,57,4212,3249,53,39
58,ce,58,3847,3055,30,43
59,ce,59,3533,2673,39,51
60,ce,60,3220,2619,33,59
61,ce,61,2932,2377,34,61
62,ce,62,2680,2094,50,56
63,ce,63,2688,2245,40,55
64,ce,64,2690,2108,47,49
65,ce,65,2582,1988,49,65
66,ce,66,2220,1768,38,58
67,ce,67,2079,1718,35,63
68,ce,68,2097,1649,55,68
69,ce,69,2022,1698,57,62
70,ce,70,2051,1645,61,74
71,ce,71,1844,1531,69,63
72,ce,72,1768,1417,60,88
73,ce,73,1694,1366,83,79
74,ce,74,1454,1236,60,61
75,ce,75,1272,1174,57,74
76,ce,76,1254,1047,60,77
77,ce,77,1176,993,58,61
78,ce,78,1039,970,76,68
79,ce,79,956,851,58,79
80,ce,80,956,849,62,81
81,ce,81,1055,918,78,90
82,ce,82,820,731,59,81
83,ce,83,753,589,58,57
84,ce,84,728,586,62,79
85,ce,85,688,557,73,59
86,ce,86,574,516,42,54
87,ce,87,387,318,44,40
88,ce,88,432,314,51,48
89,ce,89,441,349,50,57
90,ce,90,326,270,50,39
91,ce,91,267,216,40,29
92,ce,92,222,165,35,34
93,ce,93,242,162,36,30
94,ce,94,166,130,25,20
95,ce,95,142,120,23,22
96,ce,96,111,76,12,18
97,ce,97,66,59,9,10
98,ce,98,62,40,9,9
99,ce,99,36,31,3,5
100,ce,100,26,19,9,2
101,ce,101,27,16,4,4
102,ce,102,21,23,2,7
103,ce,103,14,15,2,2
104,ce,104,12,7,2,0
105,ce,105,9,4,2,1
106,ce,106,11,4,0,0
107,ce,107,1,4,0,0
108,ce,108,2,2,0,0
109,ce,109,2,1,0,0
0,df,0,310,310,1,1
1,df,1,238,313,0,0
2,df,2,229,244,0,0
3,df,3,178,205,0,0
4,df,4,183,186,1,0
5,df,5,155,157,0,0
6,df,6,207,180,0,0
7,df,7,200,166,0,0
8,df,8,203,192,0,0
9,df,9,228,198,0,0
10,df,10,255,211,0,0
11,df,11,247,234,0,0
12,df,12,296,231,0,0
13,df,13,298,297,0,0
14,df,14,393,330,0,0
15,df,15,446,370,0,0
16,df,16,501,416,0,0
17,df,17,598,473,0,0
18,df,18,816,565,0,0
19,df,19,940,856,0,0
20,df,20,1159,965,0,0
21,df,21,1500,1167,1,0
22,df,22,1624,1303,1,0
23,df,23,1810,1449,0,0
24,df,24,1784,1625,0,1
25,df,25,1998,1631,0,2
26,df,26,2158,1651,1,3
27,df,27,2142,1717,1,1
28,df,28,2192,1743,2,3
29,df,29,2213,1857,2,3
30,df,30,2367,1900,1,1
31,df,31,2414,2048,3,2
32,df,32,2509,2098,0,2
33,df,33,2569,2167,2,5
34,df,34,2640,2203,2,1
35,df,35,2648,2226,0,5
36,df,36,2705,2202,2,5
37,df,37,2840,2382,3,4
38,df,38,3016,2415,0,5
39,df,39,3144,2415,4,4
40,df,40,2895,2300,6,3
41,df,41,2767,2295,3,5
42,df,42,2674,2233,2,5
43,df,43,2545,2102,0,3
44,df,44,2393,1990,3,4
45,df,45,2316,1993,1,1
46,df,46,2214,1991,4,4
47,df,47,2051,1741,4,4
48,df,48,2185,1769,2,6
49,df,49,1985,1736,2,4
50,df,50,2035,1746,7,7
51,df,51,1840,1573,5,10
52,df,52,1759,1467,4,7
53,df,53,1750,1388,5,4
54,df,54,1698,1432,1,5
55,df,55,1667,1325,6,6
56,df,56,1558,1300,7,5
57,df,57,1421,1197,8,5
58,df,58,1338,1081,3,7
59,df,59,1200,925,9,7
60,df,60,1126,905,12,5
61,df,61,980,755,6,8
62,df,62,899,722,5,8
63,df,63,888,731,4,9
64,df,64,800,654,4,7
65,df,65,745,596,6,4
66,df,66,742,603,10,6
67,df,67,636,489,9,9
68,df,68,657,503,11,10
69,df,69,540,479,6,7
70,df,70,519,405,4,7
71,df,71,516,365,12,13
72,df,72,421,365,7,9
73,df,73,388,309,13,12
74,df,74,365,305,7,4
75,df,75,281,270,10,7
76,df,76,304,247,11,4
77,df,77,272,207,9,9
78,df,78,256,225,6,13
79,df,79,203,166,5,8
80,df,80,197,182,7,14
81,df,81,220,193,15,8
82,df,82,158,125,5,4
83,df,83,141,120,9,9
84,df,84,137,97,5,2
85,df,85,139,86,3,4
86,df,86,95,82,3,2
87,df,87,72,58,4,5
88,df,88,89,57,5,3
89,df,89,81,52,6,4
90,df,90,77,40,5,1
91,df,91,64,26,3,1
92,df,92,39,18,2,1
93,df,93,35,17,1,0
94,df,94,28,18,1,4
95,df,95,30,15,0,2
96,df,96,13,14,2,0
97,df,97,14,6,2,0
98,df,98,8,6,1,2
99,df,99,8,3,0,0
100,df,100,5,4,1,0
101,df,101,5,1,2,1
102,df,102,2,1,0,0
103,df,103,0,0,0,0
104,df,104,1,1,1,0
105,df,105,0,1,0,0
106,df,106,1,1,0,0
107,df,107,0,0,0,0
108,df,108,0,2,0,0
109,df,109,0,0,0,0
0,es,0,15,315,0,2
1,es,1,15,369,0,0
2,es,2,6,283,0,0
3,es,3,6,256,0,1
4,es,4,1,207,0,0
5,es,5,3,248,0,0
6,es,6,9,222,0,0
7,es,7,5,280,0,0
8,es,8,4,285,0,0
9,es,9,5,315,0,0
10,es,10,7,345,0,0
11,es,11,10,405,0,0
12,es,12,4,458,0,0
13,es,13,4,518,0,0
14,es,14,6,5271,0,2
15,es,15,11,798,0,1
16,es,16,15,911,0,1
17,es,17,15,1186,0,1
18,es,18,22,8931,0,0
19,es,19,28,1599,0,3
20,es,20,38,1890,0,1
21,es,21,49,2015,0,0
22,es,22,60,12062,0,0
23,es,23,61,2390,0,4
24,es,24,76,2540,0,4
25,es,25,74,2611,0,2
26,es,26,80,2690,0,4
27,es,27,81,2647,0,5
28,es,28,107,2767,0,5
29,es,29,111,2857,0,2
30,es,30,93,3033,0,8
31,es,31,116,3111,0,6
32,es,32,96,4408,0,4
33,es,33,141,3378,0,8
34,es,34,142,4175,0,16
35,es,35,147,3470,0,10
36,es,36,109,3373,0,8
37,es,37,103,13148,1,18
38,es,38,130,3502,0,9
39,es,39,131,4861,1,17
40,es,40,113,3288,0,10
41,es,41,94,3235,0,12
42,es,42,97,3853,0,14
43,es,43,97,2948,1,12
44,es,44,71,4035,0,21
45,es,45,93,4954,0,24
46,es,46,78,2994,0,381
47,es,47,86,17631,1,18
48,es,48,81,2448,0,23
49,es,49,86,2402,0,20
50,es,50,60,2328,0,30
51,es,51,80,2301,0,36
52,es,52,69,2272,0,35
53,es,53,79,2176,1,33
54,es,54,72,2175,1,44
55,es,55,86,2341,0,34
56,es,56,58,2044,0,38
57,es,57,70,1940,0,47
58,es,58,62,1936,1,67
59,es,59,83,4428,0,2744
60,es,60,59,1692,0,47
61,es,61,69,1604,0,47
62,es,62,57,1557,3,65
63,es,63,56,1483,3,68
64,es,64,64,1403,2,74
65,es,65,50,1346,0,77
66,es,66,58,1295,2,88
67,es,67,46,1114,1,79
68,es,68,45,5118,3,94
69,es,69,57,1079,0,101
70,es,70,44,921,2,86
71,es,71,28,752,0,89
72,es,72,24,740,4,81
73,es,73,29,710,5,84
74,es,74,31,611,2,85
75,es,75,29,560,0,95
76,es,76,28,1087,1,326
77,es,77,20,480,1,77
78,es,78,32,437,2,82
79,es,79,18,387,0,71
80,es,80,21,384,1,67
81,es,81,22,2491,4,2228
82,es,82,13,308,1,71
83,es,83,11,269,0,62
84,es,84,24,270,0,71
85,es,85,17,219,2,65
86,es,86,13,211,1,63
87,es,87,22,164,2,53
88,es,88,12,174,0,53
89,es,89,12,159,1,53
90,es,90,10,139,1,38
91,es,91,12,109,3,28
92,es,92,7,91,0,42
93,es,93,10,61,2,25
94,es,94,7,43,0,17
95,es,95,6,38,0,14
96,es,96,0,31,0,14
97,es,97,1,26,0,12
98,es,98,0,32,0,7
99,es,99,2,10,0,5
100,es,100,0,7,0,3
101,es,101,0,3,0,2
102,es,102,0,7,0,3
103,es,103,0,4,0,2
104,es,104,0,5,0,4
105,es,105,0,3,0,2
106,es,106,0,0,0,0
107,es,107,0,0,0,0
108,es,108,0,0,0,0
109,es,109,0,0,0,0
0,go,0,1916,1809,3,6
1,go,1,1016,1134,0,1
2,go,2,864,892,0,0
3,go,3,781,789,1,0
4,go,4,758,774,0,0
5,go,5,820,816,0,0
6,go,6,884,855,0,0
7,go,7,921,888,0,0
8,go,8,951,1009,0,1
9,go,9,964,940,0,0
10,go,10,1114,1119,0,0
11,go,11,1206,1129,0,0
12,go,12,1385,1320,0,0
13,go,13,1530,1442,1,1
14,go,14,1909,1634,0,0
15,go,15,2314,1865,1,0
16,go,16,2649,2089,0,3
17,go,17,2961,2417,1,1
18,go,18,3513,2955,1,0
19,go,19,4173,3814,2,2
20,go,20,4803,4333,0,0
21,go,21,5421,4936,1,1
22,go,22,5846,5269,2,2
23,go,23,6477,5544,1,2
24,go,24,6607,5929,1,0
25,go,25,6950,6118,1,3
26,go,26,7099,6268,3,1
27,go,27,7167,6093,2,0
28,go,28,7073,6100,3,2
29,go,29,7214,6641,3,4
30,go,30,7417,6588,2,4
31,go,31,7386,6708,7,1
32,go,32,7639,6815,2,5
33,go,33,7696,6960,6,5
34,go,34,7713,7124,5,3
35,go,35,7973,6819,2,2
36,go,36,7415,6643,7,4
37,go,37,7680,6858,5,5
38,go,38,7928,7087,7,8
39,go,39,8039,6926,5,7
40,go,40,7472,6455,9,6
41,go,41,7436,6355,6,12
42,go,42,6908,6010,2,9
43,go,43,6988,6084,7,9
44,go,44,6497,5756,8,11
45,go,45,6373,5453,14,8
46,go,46,6198,5517,5,10
47,go,47,5669,4892,10,16
48,go,48,5748,4838,11,12
49,go,49,5448,4706,6,12
50,go,50,5450,4660,9,11
51,go,51,5201,4488,17,12
52,go,52,5017,4389,16,14
53,go,53,5025,4146,18,15
54,go,54,4798,4005,17,21
55,go,55,4532,3941,15,11
56,go,56,4208,3683,14,17
57,go,57,4218,3759,19,20
58,go,58,3945,3306,17,16
59,go,59,3534,3083,17,19
60,go,60,3179,2835,18,17
61,go,61,3020,2717,16,17
62,go,62,2767,2443,11,21
63,go,63,2679,2441,12,22
64,go,64,2505,2276,18,19
65,go,65,2368,2064,16,15
66,go,66,2101,1923,18,18
67,go,67,1978,1728,12,16
68,go,68,1852,1651,13,17
69,go,69,1773,1550,12,16
70,go,70,1603,1362,14,22
71,go,71,1383,1280,10,22
72,go,72,1289,1154,18,17
73,go,73,1244,1160,16,28
74,go,74,1179,1075,19,21
75,go,75,955,844,9,21
76,go,76,911,842,12,14
77,go,77,856,762,13,16
78,go,78,762,725,15,28
79,go,79,715,662,17,19
80,go,80,737,593,15,14
81,go,81,686,571,17,16
82,go,82,504,477,11,12
83,go,83,471,364,9,10
84,go,84,460,377,8,9
85,go,85,460,353,7,15
86,go,86,368,281,9,8
87,go,87,240,219,5,14
88,go,88,275,238,5,5
89,go,89,191,150,5,6
90,go,90,202,133,6,6
91,go,91,134,98,6,1
92,go,92,115,94,2,4
93,go,93,93,84,1,2
94,go,94,75,65,3,1
95,go,95,59,32,2,1
96,go,96,41,26,2,0
97,go,97,22,36,1,1
98,go,98,30,26,2,2
99,go,99,19,10,0,1
100,go,100,17,16,0,0
101,go,101,15,12,0,0
102,go,102,8,4,0,0
103,go,103,6,5,0,0
104,go,104,6,3,0,0
105,go,105,7,9,0,0
106,go,106,2,5,0,0
107,go,107,2,5,0,0
108,go,108,3,1,0,0
109,go,109,2,2,0,0
0,ma,0,1106,1067,2,1
1,ma,1,697,811,1,0
2,ma,2,556,614,2,1
3,ma,3,464,522,1,1
4,ma,4,428,478,1,0
5,ma,5,477,455,0,1
6,ma,6,494,483,0,0
7,ma,7,474,518,1,1
8,ma,8,545,533,0,0
9,ma,9,647,579,0,0
10,ma,10,656,611,0,0
11,ma,11,719,652,0,0
12,ma,12,787,751,1,1
13,ma,13,967,857,1,2
14,ma,14,1199,880,1,0
15,ma,15,1334,966,0,1
16,ma,16,1411,1002,2,1
17,ma,17,1708,1083,0,1
18,ma,18,1778,1255,0,0
19,ma,19,2101,1419,0,0
20,ma,20,2398,1682,4,1
21,ma,21,2630,1880,0,1
22,ma,22,2658,1910,0,2
23,ma,23,3110,2254,2,3
24,ma,24,3229,2191,1,1
25,ma,25,3130,2404,1,2
26,ma,26,3119,2278,1,3
27,ma,27,3341,2550,2,3
28,ma,28,3326,2510,6,1
29,ma,29,3405,2720,7,4
30,ma,30,3398,2768,5,2
31,ma,31,3800,2968,2,3
32,ma,32,3779,3123,1,4
33,ma,33,4056,3244,4,5
34,ma,34,3975,3163,3,5
35,ma,35,4082,3382,4,7
36,ma,36,4066,3365,9,10
37,ma,37,4159,3339,6,4
38,ma,38,4159,3284,6,7
39,ma,39,4174,3142,5,10
40,ma,40,3782,2946,9,8
41,ma,41,3826,3068,4,13
42,ma,42,3461,2753,4,9
43,ma,43,3374,2560,6,8
44,ma,44,3337,2494,3,11
45,ma,45,3231,2495,5,12
46,ma,46,3207,2395,6,13
47,ma,47,2921,2298,7,14
48,ma,48,2968,2213,2,11
49,ma,49,2842,2083,6,10
50,ma,50,2787,2190,9,17
51,ma,51,2635,2024,7,15
52,ma,52,2620,1979,11,17
53,ma,53,2487,1873,10,12
54,ma,54,2507,1836,8,11
55,ma,55,2335,1703,10,10
56,ma,56,2226,1729,7,16
57,ma,57,2458,1980,18,19
58,ma,58,2150,1763,8,19
59,ma,59,1964,1565,7,15
60,ma,60,1952,1580,13,13
61,ma,61,1976,1534,17,23
62,ma,62,1893,1470,20,22
63,ma,63,1941,1558,19,26
64,ma,64,1773,1461,22,27
65,ma,65,1731,1289,29,31
66,ma,66,1562,1301,21,28
67,ma,67,1444,1249,24,27
68,ma,68,1437,1167,28,31
69,ma,69,1288,1180,20,39
70,ma,70,1278,1207,23,32
71,ma,71,1120,1080,23,44
72,ma,72,1042,954,20,31
73,ma,73,981,985,18,37
74,ma,74,872,858,23,39
75,ma,75,818,785,24,27
76,ma,76,824,731,21,39
77,ma,77,703,686,32,30
78,ma,78,735,734,34,33
79,ma,79,531,530,23,25
80,ma,80,608,603,20,41
81,ma,81,587,591,19,37
82,ma,82,516,443,24,36
83,ma,83,462,405,20,18
84,ma,84,410,388,15,23
85,ma,85,402,381,23,28
86,ma,86,305,310,24,23
87,ma,87,233,252,13,16
88,ma,88,254,216,21,24
89,ma,89,207,183,10,14
90,ma,90,166,172,8,14
91,ma,91,129,120,12,7
92,ma,92,80,100,5,8
93,ma,93,97,74,6,13
94,ma,94,80,49,2,6
95,ma,95,54,44,4,3
96,ma,96,49,44,4,7
97,ma,97,24,39,2,7
98,ma,98,33,38,0,10
99,ma,99,33,21,3,1
100,ma,100,33,20,2,1
101,ma,101,25,29,4,1
102,ma,102,22,18,1,2
103,ma,103,16,13,0,1
104,ma,104,16,7,0,0
105,ma,105,11,6,0,0
106,ma,106,11,4,0,0
107,ma,107,4,1,0,0
108,ma,108,5,2,0,0
109,ma,109,2,1,0,0
0,mg,0,2376,2248,3,10
1,mg,1,1552,1635,2,1
2,mg,2,1306,1233,1,0
3,mg,3,1100,1111,2,0
4,mg,4,1006,1027,0,0
5,mg,5,1120,1120,0,0
6,mg,6,1130,1083,0,0
7,mg,7,1068,1015,0,0
8,mg,8,1127,1094,0,0
9,mg,9,1212,1158,0,0
10,mg,10,1275,1227,0,0
11,mg,11,1348,1254,0,0
12,mg,12,1438,1333,0,0
13,mg,13,1625,1415,0,0
14,mg,14,1901,1587,1,0
15,mg,15,2304,1862,2,1
16,mg,16,2683,2147,1,3
17,mg,17,3298,2546,2,0
18,mg,18,4029,3445,1,2
19,mg,19,5102,4657,4,2
20,mg,20,6190,5841,3,2
21,mg,21,7426,6929,1,6
22,mg,22,7958,6864,1,2
23,mg,23,8531,7741,4,2
24,mg,24,9179,7981,2,3
25,mg,25,9619,8457,3,5
26,mg,26,10131,8906,1,5
27,mg,27,9864,9197,2,5
28,mg,28,9843,9268,4,6
29,mg,29,10418,9817,2,6
30,mg,30,10599,9912,4,10
31,mg,31,11068,10392,4,10
32,mg,32,11362,10836,3,8
33,mg,33,11207,11197,6,7
34,mg,34,11103,10700,6,8
35,mg,35,10803,10855,14,5
36,mg,36,10779,10556,6,8
37,mg,37,11377,10994,10,10
38,mg,38,11518,11381,10,20
39,mg,39,11904,11459,11,22
40,mg,40,10809,10565,4,8
41,mg,41,10663,10366,14,13
42,mg,42,10147,9891,16,18
43,mg,43,9657,9103,10,20
44,mg,44,8893,8709,17,15
45,mg,45,8659,8189,10,21
46,mg,46,8494,7910,18,23
47,mg,47,7690,7277,9,19
48,mg,48,7901,7272,21,18
49,mg,49,7570,7090,16,22
50,mg,50,7623,6752,20,25
51,mg,51,7383,6696,17,27
52,mg,52,7164,6285,22,34
53,mg,53,7008,6383,28,32
54,mg,54,6978,6094,17,26
55,mg,55,6964,5825,26,27
56,mg,56,6583,5847,31,40
57,mg,57,6392,5644,27,44
58,mg,58,5761,5185,31,45
59,mg,59,5552,4912,35,29
60,mg,60,5187,4572,30,54
61,mg,61,4970,4238,30,43
62,mg,62,4663,4204,61,48
63,mg,63,4398,3908,55,70
64,mg,64,4108,3634,41,57
65,mg,65,3794,3373,53,64
66,mg,66,3649,3323,46,64
67,mg,67,3263,3009,47,57
68,mg,68,3161,2767,40,90
69,mg,69,2845,2521,66,69
70,mg,70,2739,2452,61,74
71,mg,71,2435,2120,57,73
72,mg,72,2335,2166,51,66
73,mg,73,2169,1869,51,67
74,mg,74,2058,1692,67,89
75,mg,75,1721,1568,35,66
76,mg,76,1652,1437,50,80
77,mg,77,1628,1272,56,66
78,mg,78,1542,1228,64,75
79,mg,79,1310,1068,47,73
80,mg,80,1264,1317,52,70
81,mg,81,1271,951,56,68
82,mg,82,1131,847,58,67
83,mg,83,998,739,55,70
84,mg,84,955,704,42,66
85,mg,85,876,614,50,54
86,mg,86,763,544,47,41
87,mg,87,652,440,39,44
88,mg,88,627,403,40,35
89,mg,89,466,326,33,40
90,mg,90,504,359,41,34
91,mg,91,390,223,32,25
92,mg,92,339,187,30,23
93,mg,93,259,157,18,23
94,mg,94,221,112,16,22
95,mg,95,153,91,11,11
96,mg,96,111,73,8,10
97,mg,97,77,44,7,6
98,mg,98,83,38,6,5
99,mg,99,34,30,1,3
100,mg,100,49,20,4,1
101,mg,101,24,7,1,1
102,mg,102,19,9,2,1
103,mg,103,12,14,0,2
104,mg,104,9,5,1,0
105,mg,105,7,1,1,0
106,mg,106,6,4,0,0
107,mg,107,1,3,0,0
108,mg,108,2,1,0,0
109,mg,109,1,3,0,0
0,ms,0,674,648,0,0
1,ms,1,526,595,0,0
2,ms,2,383,453,0,0
3,ms,3,358,406,0,0
4,ms,4,368,377,0,0
5,ms,5,390,371,0,0
6,ms,6,423,452,0,0
7,ms,7,473,433,0,0
8,ms,8,455,468,0,0
9,ms,9,516,526,0,0
10,ms,10,546,489,0,0
11,ms,11,604,558,0,0
12,ms,12,718,636,0,0
13,ms,13,748,672,0,0
14,ms,14,902,775,0,0
15,ms,15,1039,798,0,0
16,ms,16,1144,965,0,0
17,ms,17,1337,1103,0,0
18,ms,18,1497,1258,0,0
19,ms,19,1798,1621,0,0
20,ms,20,2143,1760,0,0
21,ms,21,2390,2061,0,0
22,ms,22,2494,2212,0,0
23,ms,23,2726,2531,0,0
24,ms,24,2942,2494,1,0
25,ms,25,3023,2649,0,0
26,ms,26,3210,2771,0,0
27,ms,27,3262,2868,0,0
28,ms,28,3177,2848,0,0
29,ms,29,3263,2873,0,0
30,ms,30,3294,2849,0,0
31,ms,31,3400,3011,0,1
32,ms,32,3502,3223,0,0
33,ms,33,3529,3227,0,0
34,ms,34,3547,2999,0,0
35,ms,35,3374,3249,0,0
36,ms,36,3439,3189,0,0
37,ms,37,3530,3158,0,0
38,ms,38,3646,3160,0,0
39,ms,39,3582,3219,0,0
40,ms,40,3401,3021,0,0
41,ms,41,3326,2961,0,0
42,ms,42,3134,2671,0,0
43,ms,43,2976,2680,0,0
44,ms,44,2875,2549,0,0
45,ms,45,2693,2432,0,0
46,ms,46,2698,2275,0,0
47,ms,47,2497,2201,0,0
48,ms,48,2586,2101,0,0
49,ms,49,2409,2127,0,0
50,ms,50,2379,2031,0,0
51,ms,51,2373,1933,1,0
52,ms,52,2128,1845,0,0
53,ms,53,2143,1749,0,0
54,ms,54,2004,1756,0,0
55,ms,55,2089,1694,0,0
56,ms,56,1993,1652,1,0
57,ms,57,1792,1590,0,0
58,ms,58,1734,1604,0,0
59,ms,59,1619,1308,0,0
60,ms,60,1492,1298,0,0
61,ms,61,1435,1068,0,0
62,ms,62,1213,1060,0,0
63,ms,63,1266,1050,0,0
64,ms,64,1090,929,1,0
65,ms,65,1009,889,0,0
66,ms,66,956,863,0,1
67,ms,67,898,765,1,0
68,ms,68,755,713,1,0
69,ms,69,761,640,0,0
70,ms,70,608,650,0,0
71,ms,71,535,551,0,0
72,ms,72,487,471,0,0
73,ms,73,517,484,0,0
74,ms,74,450,370,0,0
75,ms,75,342,330,0,0
76,ms,76,339,294,0,0
77,ms,77,340,271,0,1
78,ms,78,294,272,0,0
79,ms,79,231,210,0,0
80,ms,80,231,199,0,0
81,ms,81,206,150,0,0
82,ms,82,171,133,0,0
83,ms,83,201,127,0,1
84,ms,84,179,127,0,0
85,ms,85,143,113,0,0
86,ms,86,110,101,0,0
87,ms,87,100,86,0,0
88,ms,88,83,58,0,0
89,ms,89,76,61,0,0
90,ms,90,59,53,0,0
91,ms,91,61,37,0,0
92,ms,92,32,23,0,0
93,ms,93,30,28,0,0
94,ms,94,23,19,0,1
95,ms,95,15,11,0,0
96,ms,96,19,12,0,0
97,ms,97,9,7,0,0
98,ms,98,12,3,0,0
99,ms,99,5,5,0,0
100,ms,100,5,8,0,0
101,ms,101,7,0,0,0
102,ms,102,3,1,0,0
103,ms,103,0,2,0,0
104,ms,104,3,0,0,0
105,ms,105,3,0,0,0
106,ms,106,1,0,0,0
107,ms,107,1,0,0,0
108,ms,108,0,0,0,0
109,ms,109,1,0,0,0
0,mt,0,811,852,3,2
1,mt,1,613,670,1,1
2,mt,2,492,504,0,0
3,mt,3,418,429,0,0
4,mt,4,409,378,0,1
5,mt,5,422,433,0,0
6,mt,6,402,443,0,0
7,mt,7,445,456,0,1
8,mt,8,448,459,0,1
9,mt,9,503,514,0,0
10,mt,10,548,495,0,0
11,mt,11,565,532,0,0
12,mt,12,692,606,0,0
13,mt,13,680,644,0,0
14,mt,14,836,727,0,0
15,mt,15,966,784,0,0
16,mt,16,1104,908,0,0
17,mt,17,1245,1002,0,0
18,mt,18,1469,1270,1,1
19,mt,19,1655,1536,0,2
20,mt,20,1750,1742,3,1
21,mt,21,1921,1815,1,0
22,mt,22,1978,1946,0,3
23,mt,23,2158,2153,0,4
24,mt,24,2335,2107,1,1
25,mt,25,2513,2329,5,0
26,mt,26,2520,2426,2,2
27,mt,27,2581,2275,4,5
28,mt,28,2481,2389,3,2
29,mt,29,2654,2438,3,1
30,mt,30,2635,2473,3,4
31,mt,31,2707,2639,4,7
32,mt,32,2721,2661,4,7
33,mt,33,2761,2731,1,9
34,mt,34,2828,2635,4,9
35,mt,35,2725,2758,3,8
36,mt,36,2693,2596,5,14
37,mt,37,2721,2582,3,9
38,mt,38,2782,2751,8,10
39,mt,39,2791,2643,5,7
40,mt,40,2520,2519,8,9
41,mt,41,2629,2450,9,11
42,mt,42,2421,2379,4,11
43,mt,43,2373,2205,8,11
44,mt,44,2324,2150,7,14
45,mt,45,2260,2127,8,9
46,mt,46,2149,2041,7,11
47,mt,47,1951,1965,11,16
48,mt,48,1966,1957,6,10
49,mt,49,1854,1895,8,15
50,mt,50,1794,1771,13,12
51,mt,51,1769,1774,10,17
52,mt,52,1667,1722,13,11
53,mt,53,1669,1611,14,19
54,mt,54,1552,1589,16,15
55,mt,55,1456,1566,18,22
56,mt,56,1347,1467,20,21
57,mt,57,1331,1453,9,14
58,mt,58,1229,1285,19,12
59,mt,59,1207,1223,10,21
60,mt,60,1056,1072,8,17
61,mt,61,959,1077,12,19
62,mt,62,882,924,15,22
63,mt,63,893,926,15,19
64,mt,64,755,860,14,30
65,mt,65,724,784,27,23
66,mt,66,679,669,19,23
67,mt,67,667,664,17,22
68,mt,68,595,571,15,23
69,mt,69,522,519,14,22
70,mt,70,475,503,12,19
71,mt,71,462,478,16,15
72,mt,72,392,410,12,11
73,mt,73,341,411,14,22
74,mt,74,320,389,12,26
75,mt,75,332,326,12,22
76,mt,76,271,302,15,17
77,mt,77,262,281,10,15
78,mt,78,221,257,9,21
79,mt,79,230,201,8,14
80,mt,80,196,198,13,15
81,mt,81,180,207,6,17
82,mt,82,173,169,6,17
83,mt,83,141,144,7,20
84,mt,84,116,158,8,16
85,mt,85,105,139,5,14
86,mt,86,104,98,8,13
87,mt,87,83,68,5,7
88,mt,88,70,63,4,5
89,mt,89,63,57,7,10
90,mt,90,50,57,7,8
91,mt,91,36,30,6,2
92,mt,92,32,23,3,1
93,mt,93,24,21,4,3
94,mt,94,16,29,3,2
95,mt,95,10,27,2,4
96,mt,96,14,18,2,1
97,mt,97,7,10,0,1
98,mt,98,7,7,0,0
99,mt,99,8,6,0,0
100,mt,100,10,10,1,0
101,mt,101,3,1,1,0
102,mt,102,3,3,0,1
103,mt,103,3,2,0,0
104,mt,104,4,1,0,0
105,mt,105,2,1,0,0
106,mt,106,0,1,0,0
107,mt,107,3,2,0,0
108,mt,108,0,1,0,0
109,mt,109,0,0,0,0
0,pa,0,1127,1084,2,10
1,pa,1,839,1051,4,5
2,pa,2,681,742,1,1
3,pa,3,517,544,1,0
4,pa,4,499,515,1,0
5,pa,5,478,559,1,4
6,pa,6,502,508,0,0
7,pa,7,581,523,0,0
8,pa,8,573,552,1,1
9,pa,9,602,603,0,0
10,pa,10,628,588,0,0
11,pa,11,751,709,0,0
12,pa,12,847,774,2,3
13,pa,13,917,796,0,1
14,pa,14,1083,848,0,0
15,pa,15,1213,898,0,4
16,pa,16,1377,979,2,1
17,pa,17,1620,1052,0,3
18,pa,18,1807,1234,1,1
19,pa,19,1974,1588,0,3
20,pa,20,2270,1693,0,2
21,pa,21,2668,1858,6,5
22,pa,22,2623,1924,2,0
23,pa,23,3027,2208,5,0
24,pa,24,3193,2421,1,3
25,pa,25,3430,2489,2,2
26,pa,26,3605,2566,3,6
27,pa,27,3575,2801,4,6
28,pa,28,3544,2629,4,4
29,pa,29,3809,2888,1,3
30,pa,30,3630,2904,1,3
31,pa,31,3900,2988,9,3
32,pa,32,3992,3295,0,5
33,pa,33,4174,3404,5,8
34,pa,34,4275,3401,6,10
35,pa,35,4407,3470,5,9
36,pa,36,4208,3488,9,8
37,pa,37,4282,3503,5,8
38,pa,38,4393,3683,4,4
39,pa,39,4384,3606,9,8
40,pa,40,4205,3362,7,9
41,pa,41,4076,3324,10,15
42,pa,42,3813,3096,7,10
43,pa,43,3727,3061,4,15
44,pa,44,3471,2822,15,11
45,pa,45,3451,2800,10,15
46,pa,46,3296,2799,5,12
47,pa,47,3167,2634,7,13
48,pa,48,3158,2577,7,21
49,pa,49,2974,2405,12,25
50,pa,50,2984,2448,12,22
51,pa,51,2874,2173,9,17
52,pa,52,2737,2172,5,14
53,pa,53,2592,2145,12,22
54,pa,54,2501,2135,16,22
55,pa,55,2382,1900,10,28
56,pa,56,2264,1834,9,18
57,pa,57,2274,1899,24,32
58,pa,58,2065,1767,21,34
59,pa,59,1815,1630,18,30
60,pa,60,1828,1625,15,33
61,pa,61,1771,1493,19,31
62,pa,62,1742,1445,22,33
63,pa,63,1552,1488,24,35
64,pa,64,1481,1319,29,36
65,pa,65,1363,1317,19,48
66,pa,66,1253,1275,25,43
67,pa,67,1242,1227,43,43
68,pa,68,1175,1148,38,52
69,pa,69,1079,967,20,39
70,pa,70,1014,1050,38,63
71,pa,71,852,859,28,55
72,pa,72,827,822,20,55
73,pa,73,754,767,30,46
74,pa,74,712,676,51,49
75,pa,75,649,632,28,56
76,pa,76,545,594,38,54
77,pa,77,583,557,43,43
78,pa,78,547,609,49,70
79,pa,79,439,460,21,42
80,pa,80,453,478,41,62
81,pa,81,400,388,23,44
82,pa,82,313,344,39,40
83,pa,83,307,268,21,37
84,pa,84,300,265,24,29
85,pa,85,281,252,35,37
86,pa,86,175,203,13,30
87,pa,87,159,166,15,34
88,pa,88,161,166,18,26
89,pa,89,112,137,14,23
90,pa,90,129,121,15,13
91,pa,91,83,80,7,16
92,pa,92,63,76,5,10
93,pa,93,44,39,7,7
94,pa,94,54,39,6,5
95,pa,95,27,29,3,6
96,pa,96,28,24,2,7
97,pa,97,22,28,5,5
98,pa,98,20,11,0,2
99,pa,99,21,12,2,2
100,pa,100,19,9,0,2
101,pa,101,11,13,2,1
102,pa,102,9,13,1,4
103,pa,103,16,6,1,2
104,pa,104,16,8,1,0
105,pa,105,10,1,1,0
106,pa,106,9,4,1,1
107,pa,107,4,2,1,0
108,pa,108,2,3,0,0
109,pa,109,0,0,0,0
0,pb,0,636,594,0,1
1,pb,1,567,568,0,0
2,pb,2,464,464,0,0
3,pb,3,412,373,0,0
4,pb,4,347,359,0,0
5,pb,5,458,425,0,0
6,pb,6,459,449,0,0
7,pb,7,471,440,1,0
8,pb,8,453,451,0,0
9,pb,9,453,453,0,0
10,pb,10,533,475,0,0
11,pb,11,575,484,0,0
12,pb,12,623,557,0,0
13,pb,13,645,571,0,0
14,pb,14,748,604,1,0
15,pb,15,896,662,0,0
16,pb,16,967,763,0,0
17,pb,17,1106,880,0,0
18,pb,18,1391,1064,0,0
19,pb,19,1613,1397,0,0
20,pb,20,1835,1455,0,0
21,pb,21,2081,1654,0,0
22,pb,22,2186,1751,0,1
23,pb,23,2262,1945,0,1
24,pb,24,2648,2145,0,0
25,pb,25,2797,2163,2,1
26,pb,26,2775,2249,0,0
27,pb,27,2756,2335,0,0
28,pb,28,2796,2206,2,0
29,pb,29,2982,2273,0,2
30,pb,30,2904,2294,0,0
31,pb,31,3065,2483,1,1
32,pb,32,3352,2580,0,1
33,pb,33,3479,2732,0,2
34,pb,34,3580,2768,2,1
35,pb,35,3563,2778,2,1
36,pb,36,3340,2712,1,2
37,pb,37,3297,2627,1,0
38,pb,38,3355,2815,2,2
39,pb,39,3622,2778,1,1
40,pb,40,3331,2604,3,0
41,pb,41,3174,2514,4,2
42,pb,42,3194,2532,1,4
43,pb,43,2867,2182,2,1
44,pb,44,2898,2181,0,2
45,pb,45,2676,2094,3,4
46,pb,46,2774,2005,4,4
47,pb,47,2529,1890,1,2
48,pb,48,2525,1831,4,2
49,pb,49,2349,1772,0,3
50,pb,50,2399,1742,1,3
51,pb,51,2311,1649,1,4
52,pb,52,2269,1675,2,5
53,pb,53,2257,1598,3,0
54,pb,54,2140,1627,1,2
55,pb,55,2036,1538,5,4
56,pb,56,2030,1498,4,4
57,pb,57,1943,1402,2,3
58,pb,58,1737,1359,4,1
59,pb,59,1587,1215,5,0
60,pb,60,1458,1091,4,2
61,pb,61,1390,1026,7,1
62,pb,62,1182,1072,3,7
63,pb,63,1301,903,3,1
64,pb,64,1132,954,3,3
65,pb,65,1049,753,6,7
66,pb,66,1061,797,4,4
67,pb,67,1016,685,6,6
68,pb,68,929,656,5,7
69,pb,69,721,617,6,3
70,pb,70,827,608,2,7
71,pb,71,781,581,4,7
72,pb,72,710,541,5,6
73,pb,73,677,490,4,5
74,pb,74,582,474,10,5
75,pb,75,535,454,5,8
76,pb,76,542,415,4,7
77,pb,77,467,319,5,3
78,pb,78,447,343,2,5
79,pb,79,410,308,10,7
80,pb,80,450,306,6,3
81,pb,81,362,309,8,6
82,pb,82,319,240,7,8
83,pb,83,268,201,2,4
84,pb,84,311,206,6,5
85,pb,85,280,189,11,10
86,pb,86,222,160,4,1
87,pb,87,171,120,1,6
88,pb,88,161,109,3,6
89,pb,89,153,101,1,5
90,pb,90,140,74,1,5
91,pb,91,133,60,3,2
92,pb,92,81,46,2,4
93,pb,93,73,53,6,3
94,pb,94,70,36,3,3
95,pb,95,53,33,1,0
96,pb,96,43,29,1,1
97,pb,97,26,19,0,2
98,pb,98,19,22,0,1
99,pb,99,17,13,1,0
100,pb,100,22,12,1,1
101,pb,101,13,4,0,0
102,pb,102,6,2,0,0
103,pb,103,3,7,0,0
104,pb,104,3,0,0,0
105,pb,105,2,1,0,0
106,pb,106,3,2,0,0
107,pb,107,1,2,0,0
108,pb,108,3,1,0,0
109,pb,109,0,0,0,0
0,pe,0,1407,1266,1,2
1,pe,1,839,939,1,0
2,pe,2,739,739,1,0
3,pe,3,625,679,0,0
4,pe,4,544,570,0,0
5,pe,5,649,718,0,0
6,pe,6,708,716,0,0
7,pe,7,691,695,0,0
8,pe,8,752,780,0,1
9,pe,9,867,729,1,0
10,pe,10,844,789,1,0
11,pe,11,934,864,1,1
12,pe,12,1051,995,1,0
13,pe,13,1166,973,0,0
14,pe,14,1337,1126,0,0
15,pe,15,1688,1260,0,1
16,pe,16,1812,1368,1,1
17,pe,17,2196,1611,0,2
18,pe,18,2490,1959,0,2
19,pe,19,2912,2421,0,0
20,pe,20,3574,2848,3,0
21,pe,21,4104,3288,1,0
22,pe,22,4317,3490,0,0
23,pe,23,4801,3791,1,0
24,pe,24,5105,4126,1,2
25,pe,25,5673,4422,1,1
26,pe,26,5720,4424,0,3
27,pe,27,5690,4549,0,0
28,pe,28,5816,4589,2,1
29,pe,29,6167,4971,2,1
30,pe,30,6107,5096,2,2
31,pe,31,6566,5206,2,3
32,pe,32,6739,5522,3,0
33,pe,33,6814,5503,2,0
34,pe,34,6854,5813,6,4
35,pe,35,6854,5661,3,2
36,pe,36,6623,5385,2,4
37,pe,37,6667,5421,2,4
38,pe,38,6797,5606,1,1
39,pe,39,7092,5664,1,8
40,pe,40,6542,5248,2,9
41,pe,41,6327,5100,3,1
42,pe,42,6115,4965,6,2
43,pe,43,5930,4896,2,6
44,pe,44,5927,4797,1,3
45,pe,45,5646,4474,2,6
46,pe,46,5455,4210,2,5
47,pe,47,5412,4130,1,4
48,pe,48,5357,4177,1,4
49,pe,49,5035,3923,5,4
50,pe,50,4716,3788,3,5
51,pe,51,4778,3621,2,6
52,pe,52,4640,3475,2,5
53,pe,53,4402,3276,7,5
54,pe,54,4396,3307,6,4
55,pe,55,4186,3064,5,6
56,pe,56,4159,3044,2,3
57,pe,57,3843,2913,3,4
58,pe,58,3671,2709,5,6
59,pe,59,3200,2545,9,3
60,pe,60,3061,2381,6,2
61,pe,61,2739,2118,4,4
62,pe,62,2506,1877,9,4
63,pe,63,2342,1791,3,5
64,pe,64,2115,1648,5,4
65,pe,65,2150,1603,9,6
66,pe,66,2001,1477,4,2
67,pe,67,1758,1374,5,9
68,pe,68,1701,1321,4,3
69,pe,69,1453,1130,1,3
70,pe,70,1440,1138,5,6
71,pe,71,1316,992,9,1
72,pe,72,1207,973,7,1
73,pe,73,1152,934,4,4
74,pe,74,996,802,1,6
75,pe,75,899,770,6,3
76,pe,76,837,664,9,9
77,pe,77,832,577,6,8
78,pe,78,717,588,5,9
79,pe,79,600,502,4,7
80,pe,80,611,526,2,7
81,pe,81,568,430,1,5
82,pe,82,536,399,1,3
83,pe,83,475,335,5,2
84,pe,84,441,321,2,7
85,pe,85,397,275,2,6
86,pe,86,318,240,2,3
87,pe,87,243,160,4,1
88,pe,88,230,148,2,4
89,pe,89,217,120,1,4
90,pe,90,198,130,3,4
91,pe,91,161,104,5,2
92,pe,92,126,65,3,0
93,pe,93,106,62,0,3
94,pe,94,98,61,4,3
95,pe,95,78,41,2,1
96,pe,96,61,33,1,0
97,pe,97,32,35,2,1
98,pe,98,34,32,2,0
99,pe,99,32,16,1,0
100,pe,100,14,15,1,0
101,pe,101,25,9,0,0
102,pe,102,20,1,0,0
103,pe,103,10,12,1,0
104,pe,104,5,2,0,0
105,pe,105,2,4,0,0
106,pe,106,4,5,0,0
107,pe,107,2,2,0,0
108,pe,108,2,0,0,0
109,pe,109,2,0,0,0
0,pi,0,973,912,3,3
1,pi,1,850,1024,0,1
2,pi,2,894,904,1,0
3,pi,3,773,762,0,0
4,pi,4,650,711,0,1
5,pi,5,787,789,0,0
6,pi,6,756,839,1,1
7,pi,7,766,776,0,0
8,pi,8,856,768,0,0
9,pi,9,903,835,0,0
10,pi,10,896,817,0,1
11,pi,11,955,928,0,0
12,pi,12,1103,1013,0,0
13,pi,13,1243,1006,0,0
14,pi,14,1286,1061,1,0
15,pi,15,1531,1271,0,1
16,pi,16,1590,1241,0,1
17,pi,17,1841,1395,3,0
18,pi,18,2143,1565,0,1
19,pi,19,2395,1886,0,1
20,pi,20,2560,2198,2,0
21,pi,21,2901,2365,0,0
22,pi,22,3075,2546,2,0
23,pi,23,3348,2665,0,3
24,pi,24,3529,2841,1,1
25,pi,25,3591,2965,1,5
26,pi,26,3616,2890,1,3
27,pi,27,3420,2825,1,3
28,pi,28,3399,2879,4,2
29,pi,29,3562,2953,7,4
30,pi,30,3585,2953,2,7
31,pi,31,4025,3263,1,5
32,pi,32,4210,3374,2,5
33,pi,33,4011,3269,1,5
34,pi,34,4140,3470,3,4
35,pi,35,4090,3452,3,3
36,pi,36,3990,3346,5,8
37,pi,37,3901,3329,3,9
38,pi,38,3993,3274,3,4
39,pi,39,3937,3137,2,1
40,pi,40,3607,2842,3,9
41,pi,41,3736,3077,6,5
42,pi,42,3549,2882,4,7
43,pi,43,3411,2776,5,8
44,pi,44,3316,2697,7,6
45,pi,45,3272,2464,5,6
46,pi,46,3061,2436,5,7
47,pi,47,2845,2164,5,5
48,pi,48,2930,2360,13,6
49,pi,49,2700,2210,2,12
50,pi,50,2720,1987,7,9
51,pi,51,2669,2083,4,7
52,pi,52,2688,2012,6,10
53,pi,53,2546,1917,5,11
54,pi,54,2532,1967,6,11
55,pi,55,2461,1843,5,7
56,pi,56,2449,1811,8,7
57,pi,57,2407,1905,12,10
58,pi,58,2205,1757,14,7
59,pi,59,1903,1521,15,12
60,pi,60,1909,1514,9,8
61,pi,61,1720,1437,12,19
62,pi,62,1703,1316,14,8
63,pi,63,1609,1336,11,23
64,pi,64,1453,1216,10,12
65,pi,65,1298,1076,9,13
66,pi,66,1296,1076,19,19
67,pi,67,1295,1004,12,13
68,pi,68,1237,967,14,18
69,pi,69,1133,1022,20,21
70,pi,70,1122,927,16,15
71,pi,71,972,858,14,24
72,pi,72,866,750,24,14
73,pi,73,836,738,11,23
74,pi,74,762,666,13,23
75,pi,75,664,601,17,22
76,pi,76,643,530,20,23
77,pi,77,688,604,21,27
78,pi,78,554,498,17,15
79,pi,79,495,455,20,31
80,pi,80,507,445,8,21
81,pi,81,525,475,20,37
82,pi,82,445,350,16,26
83,pi,83,350,292,10,15
84,pi,84,365,296,15,22
85,pi,85,368,300,14,19
86,pi,86,289,235,13,17
87,pi,87,184,161,6,9
88,pi,88,245,200,8,15
89,pi,89,204,148,10,23
90,pi,90,159,145,8,14
91,pi,91,124,113,11,10
92,pi,92,114,75,9,12
93,pi,93,80,65,10,7
94,pi,94,90,52,11,7
95,pi,95,57,46,3,6
96,pi,96,37,26,0,1
97,pi,97,31,28,6,3
98,pi,98,31,8,2,0
99,pi,99,18,22,0,1
100,pi,100,17,16,2,2
101,pi,101,10,7,2,1
102,pi,102,14,9,0,3
103,pi,103,11,5,1,1
104,pi,104,3,5,0,0
105,pi,105,3,0,0,0
106,pi,106,3,1,0,0
107,pi,107,0,0,0,0
108,pi,108,1,1,0,0
109,pi,109,2,0,0,0
0,pr,0,137,134,0,0
1,pr,1,175,152,0,0
2,pr,2,153,155,0,0
3,pr,3,153,137,0,0
4,pr,4,133,162,0,1
5,pr,5,169,168,0,0
6,pr,6,184,166,0,0
7,pr,7,183,153,0,0
8,pr,8,183,169,0,0
9,pr,9,150,236,0,0
10,pr,10,203,176,1,0
11,pr,11,155,147,0,0
12,pr,12,144,238,0,0
13,pr,13,168,168,0,0
14,pr,14,197,202,0,0
15,pr,15,246,260,0,0
16,pr,16,240,300,0,0
17,pr,17,315,406,0,0
18,pr,18,395,471,0,0
19,pr,19,542,624,0,0
20,pr,20,652,768,0,0
21,pr,21,749,896,0,0
22,pr,22,924,1023,1,0
23,pr,23,1019,1117,0,0
24,pr,24,1079,1208,0,0
25,pr,25,1129,1322,0,0
26,pr,26,1226,1434,1,0
27,pr,27,1240,1427,0,0
28,pr,28,1226,1428,0,0
29,pr,29,1257,1494,0,0
30,pr,30,1322,1527,0,0
31,pr,31,1433,1591,0,0
32,pr,32,1490,1771,0,0
33,pr,33,1399,1719,0,0
34,pr,34,1490,1761,0,0
35,pr,35,1445,1661,1,1
36,pr,36,1546,1640,0,1
37,pr,37,1615,1808,0,2
38,pr,38,1658,1927,0,2
39,pr,39,1634,1795,1,0
40,pr,40,1618,1763,0,0
41,pr,41,1631,1635,0,2
42,pr,42,1525,1627,0,0
43,pr,43,1539,1538,0,1
44,pr,44,1498,1525,0,0
45,pr,45,1500,1388,0,0
46,pr,46,1391,1332,0,2
47,pr,47,1376,1258,1,2
48,pr,48,1326,1263,1,0
49,pr,49,1348,1182,0,1
50,pr,50,1268,1164,0,1
51,pr,51,1312,1160,1,0
52,pr,52,1247,1090,0,0
53,pr,53,1238,992,2,1
54,pr,54,1215,938,0,0
55,pr,55,1215,997,0,0
56,pr,56,1151,953,1,3
57,pr,57,1102,893,0,0
58,pr,58,1010,729,0,0
59,pr,59,888,748,0,0
60,pr,60,877,663,0,0
61,pr,61,923,645,0,1
62,pr,62,718,637,1,2
63,pr,63,780,583,0,1
64,pr,64,665,518,0,1
65,pr,65,578,494,1,0
66,pr,66,575,443,0,0
67,pr,67,489,373,1,1
68,pr,68,481,363,0,1
69,pr,69,397,329,0,0
70,pr,70,410,314,0,1
71,pr,71,335,258,2,1
72,pr,72,321,255,2,1
73,pr,73,303,226,1,0
74,pr,74,231,216,2,1
75,pr,75,229,155,2,0
76,pr,76,202,153,0,0
77,pr,77,172,145,2,0
78,pr,78,152,138,0,0
79,pr,79,126,98,1,1
80,pr,80,122,99,1,0
81,pr,81,127,101,1,0
82,pr,82,80,65,0,0
83,pr,83,93,60,3,0
84,pr,84,88,52,0,0
85,pr,85,86,55,0,0
86,pr,86,64,48,1,0
87,pr,87,60,40,0,0
88,pr,88,50,27,1,0
89,pr,89,34,14,0,0
90,pr,90,38,26,0,1
91,pr,91,30,10,0,0
92,pr,92,21,12,0,0
93,pr,93,16,8,0,0
94,pr,94,17,6,0,0
95,pr,95,6,1,0,0
96,pr,96,6,5,0,0
97,pr,97,2,2,0,0
98,pr,98,5,1,0,0
99,pr,99,3,2,0,0
100,pr,100,5,0,0,0
101,pr,101,0,0,0,0
102,pr,102,0,0,0,0
103,pr,103,1,1,0,0
104,pr,104,2,0,0,0
105,pr,105,0,0,0,0
106,pr,106,1,1,0,0
107,pr,107,0,1,0,0
108,pr,108,0,0,0,0
109,pr,109,0,0,0,0
0,rj,0,1876,1478,7,10
1,rj,1,875,888,0,7
2,rj,2,678,707,0,0
3,rj,3,609,633,1,1
4,rj,4,541,614,0,0
5,rj,5,631,603,0,0
6,rj,6,738,777,2,0
7,rj,7,732,729,2,0
8,rj,8,770,700,2,1
9,rj,9,795,798,0,0
10,rj,10,861,830,1,0
11,rj,11,947,949,0,1
12,rj,12,1100,1049,0,0
13,rj,13,1102,1163,0,0
14,rj,14,1448,1281,1,1
15,rj,15,1701,1445,0,1
16,rj,16,1910,1586,1,0
17,rj,17,2179,1885,1,0
18,rj,18,2480,2000,0,1
19,rj,19,3189,2450,1,0
20,rj,20,4000,3158,4,1
21,rj,21,4640,3693,1,2
22,rj,22,4900,4030,4,1
23,rj,23,5493,4353,2,3
24,rj,24,5781,4550,2,5
25,rj,25,6070,4697,6,4
26,rj,26,6614,5107,2,6
27,rj,27,6612,5252,3,0
28,rj,28,6712,5526,4,4
29,rj,29,6809,5826,4,4
30,rj,30,7109,5902,3,5
31,rj,31,7385,6142,3,5
32,rj,32,7782,6865,2,5
33,rj,33,7857,6958,8,13
34,rj,34,7889,6905,10,5
35,rj,35,8259,7413,16,9
36,rj,36,8316,7440,8,7
37,rj,37,8590,7565,11,10
38,rj,38,9097,8235,6,13
39,rj,39,9698,8609,7,11
40,rj,40,9184,8043,14,22
41,rj,41,8980,7868,18,17
42,rj,42,8785,7766,14,15
43,rj,43,8454,7630,20,20
44,rj,44,8089,7047,22,18
45,rj,45,7605,6684,10,20
46,rj,46,7627,6715,15,20
47,rj,47,7322,6380,15,27
48,rj,48,7355,6189,21,26
49,rj,49,7231,6043,21,18
50,rj,50,7133,5892,23,33
51,rj,51,6715,5711,22,29
52,rj,52,6745,5609,21,38
53,rj,53,6666,5367,32,24
54,rj,54,6518,5254,24,35
55,rj,55,6752,5633,30,50
56,rj,56,6423,5543,37,40
57,rj,57,6261,5223,30,49
58,rj,58,5867,4842,49,36
59,rj,59,5485,4515,41,51
60,rj,60,5407,4253,34,48
61,rj,61,4782,3765,39,47
62,rj,62,4569,3697,48,40
63,rj,63,4382,3594,54,53
64,rj,64,4030,3190,46,60
65,rj,65,3696,3039,45,52
66,rj,66,3683,2981,61,63
67,rj,67,3267,2772,55,54
68,rj,68,3011,2503,40,61
69,rj,69,2749,2319,34,55
70,rj,70,2591,2226,52,67
71,rj,71,2346,1961,48,52
72,rj,72,2029,1700,53,55
73,rj,73,1901,1582,46,60
74,rj,74,1639,1402,48,58
75,rj,75,1460,1283,47,52
76,rj,76,1317,1116,33,50
77,rj,77,1258,1052,39,52
78,rj,78,1267,913,47,48
79,rj,79,1028,810,35,39
80,rj,80,914,768,33,40
81,rj,81,839,701,39,42
82,rj,82,859,629,40,39
83,rj,83,678,529,29,38
84,rj,84,685,447,35,30
85,rj,85,688,434,28,35
86,rj,86,545,393,35,24
87,rj,87,464,289,26,23
88,rj,88,466,300,26,29
89,rj,89,402,272,15,25
90,rj,90,427,218,23,27
91,rj,91,333,142,17,23
92,rj,92,272,117,16,13
93,rj,93,269,108,20,5
94,rj,94,175,90,11,7
95,rj,95,134,54,8,5
96,rj,96,113,51,9,5
97,rj,97,83,36,5,6
98,rj,98,74,36,3,1
99,rj,99,55,14,1,0
100,rj,100,45,13,3,2
101,rj,101,39,7,1,3
102,rj,102,18,5,0,0
103,rj,103,10,3,1,0
104,rj,104,8,5,1,0
105,rj,105,7,2,0,1
106,rj,106,3,5,0,0
107,rj,107,5,0,0,0
108,rj,108,2,5,0,0
109,rj,109,2,2,0,0
0,rn,0,336,257,1,0
1,rn,1,175,177,1,0
2,rn,2,137,150,0,0
3,rn,3,146,125,1,0
4,rn,4,114,130,0,1
5,rn,5,134,136,0,0
6,rn,6,138,150,0,0
7,rn,7,158,155,0,0
8,rn,8,172,175,0,0
9,rn,9,216,181,0,0
10,rn,10,221,199,0,0
11,rn,11,241,224,0,0
12,rn,12,286,244,0,0
13,rn,13,342,251,0,0
14,rn,14,393,327,0,0
15,rn,15,479,346,0,0
16,rn,16,510,405,0,0
17,rn,17,547,482,0,0
18,rn,18,731,603,1,2
19,rn,19,830,757,0,0
20,rn,20,945,884,0,0
21,rn,21,1118,1040,0,0
22,rn,22,1230,1048,0,0
23,rn,23,1342,1267,0,0
24,rn,24,1587,1309,0,1
25,rn,25,1654,1464,1,1
26,rn,26,1779,1547,0,1
27,rn,27,1849,1557,0,1
28,rn,28,1803,1601,0,0
29,rn,29,1846,1588,0,1
30,rn,30,1870,1702,0,2
31,rn,31,2091,1861,1,1
32,rn,32,2309,1899,2,3
33,rn,33,2378,2018,1,1
34,rn,34,2372,2121,3,2
35,rn,35,2346,2187,2,3
36,rn,36,2251,1965,0,1
37,rn,37,2384,1987,1,3
38,rn,38,2358,2127,4,2
39,rn,39,2403,2155,1,2
40,rn,40,2258,2003,4,2
41,rn,41,2077,1800,3,3
42,rn,42,2004,1782,3,2
43,rn,43,1871,1659,2,5
44,rn,44,1850,1579,1,5
45,rn,45,1684,1514,3,6
46,rn,46,1699,1414,1,2
47,rn,47,1659,1480,3,3
48,rn,48,1571,1430,1,3
49,rn,49,1504,1376,4,3
50,rn,50,1555,1196,5,4
51,rn,51,1520,1237,3,5
52,rn,52,1425,1237,2,9
53,rn,53,1470,1164,3,5
54,rn,54,1451,1215,1,6
55,rn,55,1318,1060,1,7
56,rn,56,1414,1080,5,7
57,rn,57,1308,973,5,8
58,rn,58,1227,987,5,9
59,rn,59,1132,868,6,10
60,rn,60,1095,856,4,4
61,rn,61,960,793,3,4
62,rn,62,916,756,4,5
63,rn,63,995,724,7,5
64,rn,64,880,705,9,8
65,rn,65,763,647,4,9
66,rn,66,688,624,9,10
67,rn,67,700,563,5,11
68,rn,68,652,491,2,13
69,rn,69,574,429,6,5
70,rn,70,637,521,7,11
71,rn,71,545,482,9,14
72,rn,72,506,441,4,14
73,rn,73,564,423,8,14
74,rn,74,486,391,6,9
75,rn,75,431,336,10,3
76,rn,76,354,276,9,10
77,rn,77,315,282,6,11
78,rn,78,292,302,7,8
79,rn,79,309,250,5,11
80,rn,80,314,221,8,12
81,rn,81,294,212,16,14
82,rn,82,248,212,9,12
83,rn,83,226,165,10,6
84,rn,84,188,175,7,5
85,rn,85,164,147,6,3
86,rn,86,155,123,4,7
87,rn,87,121,91,0,4
88,rn,88,90,89,2,3
89,rn,89,119,66,5,6
90,rn,90,89,58,1,4
91,rn,91,70,69,3,4
92,rn,92,58,43,2,2
93,rn,93,67,48,4,6
94,rn,94,47,32,4,1
95,rn,95,33,30,1,7
96,rn,96,47,17,1,2
97,rn,97,22,15,2,2
98,rn,98,16,6,2,0
99,rn,99,12,11,2,0
100,rn,100,19,6,0,1
101,rn,101,7,4,0,0
102,rn,102,10,3,1,0
103,rn,103,5,4,1,1
104,rn,104,5,2,0,0
105,rn,105,4,1,0,0
106,rn,106,2,1,0,0
107,rn,107,0,0,0,0
108,rn,108,1,0,0,0
109,rn,109,2,1,0,0
0,ro,0,766,723,3,7
1,ro,1,343,373,4,0
2,ro,2,317,321,0,2
3,ro,3,273,284,0,0
4,ro,4,285,284,2,0
5,ro,5,283,298,0,1
6,ro,6,316,334,1,0
7,ro,7,349,358,0,0
8,ro,8,363,329,0,0
9,ro,9,391,410,0,0
10,ro,10,441,419,0,0
11,ro,11,521,462,0,1
12,ro,12,593,574,0,0
13,ro,13,740,669,0,2
14,ro,14,900,729,2,0
15,ro,15,987,823,2,1
16,ro,16,1168,951,2,4
17,ro,17,1276,1071,2,1
18,ro,18,1465,1310,1,2
19,ro,19,1890,1646,1,2
20,ro,20,2031,1801,6,0
21,ro,21,2331,1923,1,1
22,ro,22,2296,1989,1,3
23,ro,23,2540,2065,7,5
24,ro,24,2538,2201,5,6
25,ro,25,2808,2279,3,4
26,ro,26,2880,2289,5,7
27,ro,27,3041,2336,5,7
28,ro,28,2920,2415,9,10
29,ro,29,2897,2478,5,13
30,ro,30,2991,2476,9,10
31,ro,31,3075,2672,11,13
32,ro,32,3299,2691,14,10
33,ro,33,3242,2712,11,9
34,ro,34,3271,2767,11,20
35,ro,35,3281,2851,24,23
36,ro,36,3216,2826,16,32
37,ro,37,3139,2673,16,18
38,ro,38,3285,2905,23,34
39,ro,39,3253,2909,27,17
40,ro,40,3175,2678,17,29
41,ro,41,3067,2629,21,36
42,ro,42,2849,2589,28,39
43,ro,43,2720,2335,22,40
44,ro,44,2652,2320,27,40
45,ro,45,2625,2258,25,37
46,ro,46,2573,2151,22,52
47,ro,47,2338,2013,23,47
48,ro,48,2343,2082,46,54
49,ro,49,2283,1910,28,53
50,ro,50,2178,1878,30,58
51,ro,51,2158,1895,32,59
52,ro,52,2030,1909,48,65
53,ro,53,1889,1812,38,77
54,ro,54,1933,1756,44,62
55,ro,55,1826,1714,53,59
56,ro,56,1730,1604,30,60
57,ro,57,1643,1685,51,85
58,ro,58,1547,1525,49,75
59,ro,59,1384,1327,52,70
60,ro,60,1280,1323,55,76
61,ro,61,1178,1158,51,67
62,ro,62,1195,1199,50,70
63,ro,63,1055,1027,77,72
64,ro,64,996,960,55,79
65,ro,65,932,868,54,77
66,ro,66,831,897,54,89
67,ro,67,816,810,64,94
68,ro,68,724,715,68,87
69,ro,69,660,639,63,80
70,ro,70,608,607,55,96
71,ro,71,512,586,62,89
72,ro,72,495,538,71,85
73,ro,73,449,521,41,87
74,ro,74,442,420,67,70
75,ro,75,340,387,52,76
76,ro,76,357,351,43,67
77,ro,77,347,348,51,58
78,ro,78,321,341,55,63
79,ro,79,233,234,45,52
80,ro,80,256,243,34,39
81,ro,81,211,229,32,44
82,ro,82,192,195,39,44
83,ro,83,164,171,41,44
84,ro,84,155,150,35,43
85,ro,85,142,127,19,27
86,ro,86,122,126,30,36
87,ro,87,84,96,17,27
88,ro,88,84,89,28,33
89,ro,89,63,72,11,26
90,ro,90,55,68,14,17
91,ro,91,40,53,11,22
92,ro,92,41,41,8,13
93,ro,93,38,31,13,10
94,ro,94,31,28,8,14
95,ro,95,17,22,5,9
96,ro,96,8,13,4,3
97,ro,97,14,13,9,7
98,ro,98,5,4,0,3
99,ro,99,6,3,1,0
100,ro,100,6,1,1,0
101,ro,101,7,6,2,3
102,ro,102,1,2,1,1
103,ro,103,3,4,1,1
104,ro,104,3,3,0,0
105,ro,105,1,1,0,0
106,ro,106,2,1,0,0
107,ro,107,0,0,0,0
108,ro,108,0,0,0,0
109,ro,109,0,1,0,0
0,rr,0,579,568,3,0
1,rr,1,408,488,0,0
2,rr,2,337,361,1,0
3,rr,3,260,345,0,0
4,rr,4,281,266,0,0
5,rr,5,242,275,0,0
6,rr,6,281,264,1,0
7,rr,7,277,239,1,0
8,rr,8,307,274,0,0
9,rr,9,328,291,0,0
10,rr,10,324,271,0,0
11,rr,11,344,284,0,0
12,rr,12,346,331,0,0
13,rr,13,423,348,0,0
14,rr,14,435,342,0,0
15,rr,15,481,377,0,0
16,rr,16,565,414,0,0
17,rr,17,644,475,0,0
18,rr,18,707,523,0,0
19,rr,19,823,577,1,0
20,rr,20,938,668,0,0
21,rr,21,1049,799,0,0
22,rr,22,1069,834,2,0
23,rr,23,1176,928,3,2
24,rr,24,1224,905,0,0
25,rr,25,1236,928,3,0
26,rr,26,1288,936,2,1
27,rr,27,1304,981,0,0
28,rr,28,1278,977,3,0
29,rr,29,1328,1033,3,1
30,rr,30,1335,1003,3,3
31,rr,31,1360,949,3,0
32,rr,32,1425,1091,0,0
33,rr,33,1424,1148,2,2
34,rr,34,1593,1163,1,2
35,rr,35,1530,1135,4,4
36,rr,36,1505,1197,1,3
37,rr,37,1599,1099,2,2
38,rr,38,1595,1230,6,1
39,rr,39,1588,1117,4,4
40,rr,40,1554,1118,3,5
41,rr,41,1522,1134,5,5
42,rr,42,1393,1040,1,2
43,rr,43,1348,1058,5,2
44,rr,44,1287,956,8,2
45,rr,45,1243,935,2,6
46,rr,46,1190,911,7,7
47,rr,47,1058,851,5,9
48,rr,48,1065,836,2,5
49,rr,49,994,723,3,4
50,rr,50,956,746,3,11
51,rr,51,908,645,4,5
52,rr,52,841,688,11,5
53,rr,53,824,629,2,9
54,rr,54,857,612,7,7
55,rr,55,820,597,6,9
56,rr,56,770,643,6,9
57,rr,57,658,628,8,9
58,rr,58,657,548,15,6
59,rr,59,601,407,4,9
60,rr,60,536,432,7,6
61,rr,61,508,414,8,5
62,rr,62,474,399,11,7
63,rr,63,481,402,7,12
64,rr,64,469,324,5,4
65,rr,65,353,334,7,10
66,rr,66,346,358,7,8
67,rr,67,374,316,11,7
68,rr,68,308,265,9,7
69,rr,69,252,257,3,8
70,rr,70,271,203,6,10
71,rr,71,185,190,6,11
72,rr,72,164,159,4,7
73,rr,73,197,196,5,9
74,rr,74,158,153,7,10
75,rr,75,128,131,6,7
76,rr,76,142,119,8,5
77,rr,77,118,125,4,11
78,rr,78,100,116,1,6
79,rr,79,73,77,1,2
80,rr,80,81,73,3,7
81,rr,81,96,84,2,7
82,rr,82,67,69,3,5
83,rr,83,57,74,1,6
84,rr,84,57,48,2,6
85,rr,85,40,52,2,6
86,rr,86,41,44,5,4
87,rr,87,24,29,0,2
88,rr,88,29,31,2,5
89,rr,89,20,29,3,5
90,rr,90,15,26,1,2
91,rr,91,15,14,3,4
92,rr,92,12,13,0,1
93,rr,93,8,4,1,0
94,rr,94,10,6,1,1
95,rr,95,1,5,0,1
96,rr,96,6,7,0,0
97,rr,97,2,3,0,0
98,rr,98,4,2,0,1
99,rr,99,3,1,1,0
100,rr,100,1,1,0,0
101,rr,101,2,5,0,0
102,rr,102,0,3,0,0
103,rr,103,1,0,0,0
104,rr,104,0,0,0,0
105,rr,105,3,0,0,0
106,rr,106,0,0,0,0
107,rr,107,0,0,0,0
108,rr,108,0,1,0,0
109,rr,109,0,0,0,0
0,rs,0,2681,2546,0,0
1,rs,1,1823,2051,0,0
2,rs,2,1380,1628,0,0
3,rs,3,1210,1501,0,0
4,rs,4,1165,1446,0,0
5,rs,5,1305,1508,0,0
6,rs,6,1341,1539,0,0
7,rs,7,1318,1621,0,0
8,rs,8,1359,1583,0,0
9,rs,9,1468,1750,0,0
10,rs,10,1531,1859,0,0
11,rs,11,1599,1887,0,0
12,rs,12,1675,1979,0,0
13,rs,13,1848,2094,0,0
14,rs,14,2366,2507,0,0
15,rs,15,2720,2816,0,0
16,rs,16,3322,3435,0,0
17,rs,17,3977,4032,0,1
18,rs,18,4854,5397,0,0
19,rs,19,5955,6551,0,0
20,rs,20,7174,7649,0,0
21,rs,21,8459,8611,1,0
22,rs,22,8647,8671,0,0
23,rs,23,8949,9198,0,1
24,rs,24,9287,9706,1,0
25,rs,25,9592,10077,1,2
26,rs,26,10518,10611,0,1
27,rs,27,10065,10139,1,2
28,rs,28,9716,9868,0,2
29,rs,29,10281,10416,2,3
30,rs,30,10343,10801,0,4
31,rs,31,10487,11016,2,0
32,rs,32,10760,11213,0,2
33,rs,33,10316,11141,1,1
34,rs,34,10532,10871,1,2
35,rs,35,10685,11428,3,4
36,rs,36,10315,11135,2,4
37,rs,37,11083,11614,2,4
38,rs,38,11347,12245,1,2
39,rs,39,11199,12270,3,3
40,rs,40,10101,10717,2,5
41,rs,41,10162,10680,4,2
42,rs,42,9744,10231,4,1
43,rs,43,9100,9765,3,4
44,rs,44,8729,9295,7,6
45,rs,45,8240,9959,2,5
46,rs,46,8243,8871,3,0
47,rs,47,7782,8304,6,5
48,rs,48,7975,8487,5,6
49,rs,49,7799,8273,5,3
50,rs,50,7886,7977,9,4
51,rs,51,7600,7919,2,9
52,rs,52,7454,7607,11,7
53,rs,53,7228,7751,3,12
54,rs,54,7451,7548,3,11
55,rs,55,7445,7782,9,9
56,rs,56,7144,7437,17,9
57,rs,57,6749,7243,11,8
58,rs,58,6386,6827,11,10
59,rs,59,6320,6320,7,10
60,rs,60,5765,6192,8,13
61,rs,61,5360,5626,11,11
62,rs,62,5221,5222,10,9
63,rs,63,4911,5131,17,7
64,rs,64,4497,4935,10,13
65,rs,65,4240,4480,9,13
66,rs,66,4025,4272,7,22
67,rs,67,3626,3895,18,21
68,rs,68,3247,3624,8,13
69,rs,69,3095,3364,15,23
70,rs,70,2920,3153,11,20
71,rs,71,2797,2845,11,16
72,rs,72,2561,2588,13,17
73,rs,73,2312,2456,9,23
74,rs,74,1983,2105,16,17
75,rs,75,1945,1947,19,18
76,rs,76,1707,1721,12,10
77,rs,77,1595,1511,11,14
78,rs,78,1329,1414,9,22
79,rs,79,1254,1146,7,11
80,rs,80,1199,1128,15,7
81,rs,81,1043,985,7,8
82,rs,82,1154,921,13,12
83,rs,83,946,728,13,11
84,rs,84,939,688,6,10
85,rs,85,804,665,8,11
86,rs,86,727,552,7,14
87,rs,87,679,485,7,8
88,rs,88,520,397,9,2
89,rs,89,452,273,6,4
90,rs,90,493,320,6,9
91,rs,91,360,219,5,1
92,rs,92,307,215,6,6
93,rs,93,253,123,2,2
94,rs,94,166,116,4,2
95,rs,95,135,93,4,2
96,rs,96,100,51,1,1
97,rs,97,76,49,1,1
98,rs,98,58,35,2,2
99,rs,99,54,23,1,0
100,rs,100,38,17,0,1
101,rs,101,23,14,0,0
102,rs,102,13,6,0,0
103,rs,103,11,7,0,0
104,rs,104,10,5,1,0
105,rs,105,8,1,1,0
106,rs,106,5,1,0,0
107,rs,107,2,2,0,0
108,rs,108,2,2,0,1
109,rs,109,3,2,0,0
0,sc,0,1384,1994,1,3
1,sc,1,1181,5300,1,0
2,sc,2,910,4991,0,0
3,sc,3,801,5581,0,0
4,sc,4,664,6027,1,0
5,sc,5,784,7713,1,0
6,sc,6,795,21061,1,0
7,sc,7,839,6206,0,0
8,sc,8,930,7837,0,0
9,sc,9,858,7584,0,0
10,sc,10,966,7406,0,1
11,sc,11,1030,5714,0,0
12,sc,12,1128,6733,0,0
13,sc,13,1239,6776,0,1
14,sc,14,1570,7524,0,0
15,sc,15,1868,5925,0,0
16,sc,16,2312,8087,1,1
17,sc,17,2711,9128,0,1
18,sc,18,3442,9887,0,2
19,sc,19,4573,11747,0,0
20,sc,20,5202,14573,3,1
21,sc,21,6158,16433,2,3
22,sc,22,6409,16837,0,3
23,sc,23,6811,16955,3,4
24,sc,24,7123,17914,2,3
25,sc,25,7558,20235,1,1
26,sc,26,8047,20666,5,1
27,sc,27,7598,21306,4,7
28,sc,28,7477,20092,2,3
29,sc,29,8094,20251,3,3
30,sc,30,8178,23065,2,0
31,sc,31,8267,20823,2,4
32,sc,32,8349,23380,3,1
33,sc,33,8257,23948,6,5
34,sc,34,8289,22875,4,12
35,sc,35,8306,24097,7,11
36,sc,36,8028,23196,5,9
37,sc,37,8360,21649,14,6
38,sc,38,8734,21416,6,10
39,sc,39,8625,23898,8,11
40,sc,40,7693,20561,6,13
41,sc,41,7680,19602,7,8
42,sc,42,7294,18750,7,11
43,sc,43,6873,20084,14,14
44,sc,44,6461,15957,7,9
45,sc,45,6374,15870,11,10
46,sc,46,6226,14879,8,11
47,sc,47,5739,13587,7,15
48,sc,48,5865,15339,8,23
49,sc,49,5581,14941,14,18
50,sc,50,5417,14810,17,27
51,sc,51,5376,12532,17,18
52,sc,52,5219,14657,19,29
53,sc,53,5244,11899,22,16
54,sc,54,5041,12188,14,26
55,sc,55,5185,12038,21,28
56,sc,56,4883,12434,20,21
57,sc,57,4525,12013,15,26
58,sc,58,4320,10501,18,39
59,sc,59,4118,10898,23,34
60,sc,60,3865,9320,24,36
61,sc,61,3467,8195,20,24
62,sc,62,3216,8363,25,40
63,sc,63,2936,8561,24,46
64,sc,64,2661,7136,21,30
65,sc,65,2465,6981,22,42
66,sc,66,2326,7286,17,46
67,sc,67,2198,6414,17,36
68,sc,68,1982,5946,30,35
69,sc,69,1792,4271,22,34
70,sc,70,1726,4866,33,35
71,sc,71,1536,5692,27,42
72,sc,72,1443,3884,27,37
73,sc,73,1266,3620,27,35
74,sc,74,1093,2780,17,28
75,sc,75,1000,2372,28,39
76,sc,76,981,2698,20,34
77,sc,77,750,2961,27,43
78,sc,78,788,2079,25,26
79,sc,79,648,1791,19,24
80,sc,80,652,1370,24,21
81,sc,81,542,1769,24,26
82,sc,82,536,1127,20,21
83,sc,83,489,1784,19,23
84,sc,84,454,1529,16,20
85,sc,85,410,1293,18,20
86,sc,86,363,768,17,18
87,sc,87,312,663,20,19
88,sc,88,251,980,20,10
89,sc,89,211,593,8,7
90,sc,90,205,805,11,13
91,sc,91,170,546,10,8
92,sc,92,115,605,13,4
93,sc,93,93,265,7,3
94,sc,94,76,120,3,8
95,sc,95,78,85,7,4
96,sc,96,56,355,8,2
97,sc,97,35,16,0,2
98,sc,98,27,8,4,1
99,sc,99,17,8,2,0
100,sc,100,7,183,1,2
101,sc,101,5,2,1,0
102,sc,102,5,9,0,1
103,sc,103,3,83,0,0
104,sc,104,4,1,0,0
105,sc,105,1,1,0,0
106,sc,106,0,0,0,0
107,sc,107,3,1,0,0
108,sc,108,1,0,0,0
109,sc,109,0,3,0,0
0,se,0,547,441,2,1
1,se,1,285,302,0,1
2,se,2,225,267,0,1
3,se,3,201,252,0,0
4,se,4,189,189,0,0
5,se,5,211,184,0,0
6,se,6,231,185,0,1
7,se,7,203,212,0,1
8,se,8,220,223,0,0
9,se,9,215,222,0,0
10,se,10,233,225,0,0
11,se,11,265,272,0,0
12,se,12,316,267,0,0
13,se,13,349,305,0,0
14,se,14,412,333,0,1
15,se,15,512,372,0,0
16,se,16,559,408,0,0
17,se,17,684,544,0,0
18,se,18,845,695,1,0
19,se,19,968,806,2,0
20,se,20,1196,938,1,0
21,se,21,1289,1081,0,1
22,se,22,1383,1109,0,0
23,se,23,1590,1222,1,0
24,se,24,1759,1304,0,0
25,se,25,1817,1367,1,1
26,se,26,1850,1437,0,0
27,se,27,1867,1553,0,1
28,se,28,1808,1444,1,1
29,se,29,1781,1486,1,0
30,se,30,1843,1418,1,1
31,se,31,1964,1557,0,0
32,se,32,2082,1772,0,0
33,se,33,2103,1823,1,0
34,se,34,2297,1807,1,2
35,se,35,2211,1846,0,2
36,se,36,2116,1643,0,0
37,se,37,2205,1772,1,3
38,se,38,2186,1905,0,1
39,se,39,2189,1834,1,2
40,se,40,2028,1756,0,0
41,se,41,2071,1622,0,0
42,se,42,1903,1488,1,2
43,se,43,1871,1468,0,1
44,se,44,1724,1393,0,1
45,se,45,1622,1236,1,0
46,se,46,1692,1291,1,1
47,se,47,1543,1208,1,0
48,se,48,1519,1213,1,0
49,se,49,1407,1211,0,6
50,se,50,1518,1120,1,1
51,se,51,1430,1067,2,1
52,se,52,1423,1028,0,2
53,se,53,1298,1002,0,2
54,se,54,1287,933,1,1
55,se,55,1236,899,2,2
56,se,56,1155,917,1,1
57,se,57,1066,845,3,1
58,se,58,1068,788,0,2
59,se,59,869,704,2,1
60,se,60,814,661,1,1
61,se,61,748,601,2,3
62,se,62,724,547,2,2
63,se,63,637,517,3,2
64,se,64,609,467,4,4
65,se,65,587,444,2,6
66,se,66,545,432,1,1
67,se,67,502,423,2,0
68,se,68,476,351,2,1
69,se,69,400,355,2,6
70,se,70,419,311,1,2
71,se,71,339,234,2,1
72,se,72,294,286,0,5
73,se,73,292,284,2,3
74,se,74,295,234,3,2
75,se,75,249,200,2,0
76,se,76,249,180,2,2
77,se,77,233,188,1,3
78,se,78,233,169,1,1
79,se,79,173,131,3,2
80,se,80,191,126,2,1
81,se,81,200,133,4,3
82,se,82,139,108,2,0
83,se,83,130,72,1,2
84,se,84,133,80,3,1
85,se,85,130,74,4,1
86,se,86,102,59,1,0
87,se,87,53,39,0,1
88,se,88,79,43,2,2
89,se,89,59,46,1,1
90,se,90,57,26,0,0
91,se,91,45,21,2,1
92,se,92,40,27,0,0
93,se,93,26,26,1,1
94,se,94,34,18,0,1
95,se,95,28,10,2,0
96,se,96,15,7,0,0
97,se,97,13,12,1,1
98,se,98,10,11,0,1
99,se,99,8,8,0,1
100,se,100,8,4,1,0
101,se,101,4,1,0,0
102,se,102,3,1,0,0
103,se,103,6,1,0,0
104,se,104,0,2,0,0
105,se,105,2,1,0,0
106,se,106,1,0,0,0
107,se,107,3,0,0,0
108,se,108,0,0,0,0
109,se,109,0,0,0,0
0,sp,0,5521,5215,6,12
1,sp,1,3676,3843,2,1
2,sp,2,2922,3065,0,0
3,sp,3,2539,2594,1,2
4,sp,4,2375,2417,2,0
5,sp,5,2678,2796,1,0
6,sp,6,2780,2900,0,0
7,sp,7,2858,2862,0,2
8,sp,8,3185,3088,0,3
9,sp,9,3328,3209,0,0
10,sp,10,3488,3377,0,0
11,sp,11,3795,3642,3,2
12,sp,12,4222,3919,3,2
13,sp,13,4836,4227,1,2
14,sp,14,5930,5038,3,4
15,sp,15,6921,5740,0,2
16,sp,16,8277,6678,1,5
17,sp,17,9421,7812,3,2
18,sp,18,11614,9848,2,2
19,sp,19,14467,12379,4,2
20,sp,20,17301,14916,4,3
21,sp,21,19430,16785,5,4
22,sp,22,20819,17691,4,6
23,sp,23,22574,18796,4,6
24,sp,24,23354,19606,6,5
25,sp,25,24028,20155,7,7
26,sp,26,24539,20801,9,9
27,sp,27,24594,20695,7,5
28,sp,28,24201,21111,12,10
29,sp,29,25448,21602,7,11
30,sp,30,25871,22008,14,9
31,sp,31,27092,23740,15,12
32,sp,32,27864,24649,12,16
33,sp,33,28525,24624,11,15
34,sp,34,28582,25185,10,23
35,sp,35,29134,25386,18,29
36,sp,36,27978,24429,12,16
37,sp,37,29235,25577,22,13
38,sp,38,31297,27188,21,24
39,sp,39,30819,27208,24,31
40,sp,40,28567,24672,27,27
41,sp,41,28723,24740,18,30
42,sp,42,27245,23802,26,32
43,sp,43,26577,22933,15,37
44,sp,44,24886,21790,25,33
45,sp,45,24200,20822,24,30
46,sp,46,23645,20430,33,30
47,sp,47,22122,19154,32,27
48,sp,48,22350,19103,33,38
49,sp,49,21380,18425,36,46
50,sp,50,20703,17902,27,47
51,sp,51,20234,17008,37,45
52,sp,52,19954,16750,51,50
53,sp,53,19099,16117,39,53
54,sp,54,18720,15659,41,60
55,sp,55,18583,15718,43,59
56,sp,56,17358,14892,41,48
57,sp,57,16907,14278,62,67
58,sp,58,15263,12998,47,65
59,sp,59,14493,12297,52,82
60,sp,60,13825,11697,47,81
61,sp,61,12776,11202,61,89
62,sp,62,12441,10504,65,98
63,sp,63,11766,10067,56,105
64,sp,64,10778,9223,56,90
65,sp,65,10115,8549,82,93
66,sp,66,9767,8331,80,101
67,sp,67,8866,7398,76,91
68,sp,68,8000,7069,68,93
69,sp,69,7277,6247,66,86
70,sp,70,6607,5992,70,85
71,sp,71,6077,5131,65,97
72,sp,72,5626,4813,65,93
73,sp,73,5104,4434,60,91
74,sp,74,4623,3999,64,99
75,sp,75,4030,3296,66,67
76,sp,76,3814,3112,72,83
77,sp,77,3368,2858,62,84
78,sp,78,3006,2563,64,69
79,sp,79,2562,2158,53,67
80,sp,80,2458,1879,43,67
81,sp,81,2247,1833,47,73
82,sp,82,2041,1655,49,47
83,sp,83,1858,1287,57,43
84,sp,84,1766,1276,41,39
85,sp,85,1497,1122,36,48
86,sp,86,1273,841,43,36
87,sp,87,1016,787,34,34
88,sp,88,988,657,23,31
89,sp,89,834,488,19,20
90,sp,90,774,455,23,30
91,sp,91,703,337,21,18
92,sp,92,516,284,12,17
93,sp,93,403,205,16,13
94,sp,94,369,168,11,5
95,sp,95,261,120,13,5
96,sp,96,183,87,5,8
97,sp,97,144,60,5,4
98,sp,98,128,40,6,1
99,sp,99,68,32,4,1
100,sp,100,60,27,0,2
101,sp,101,39,13,1,1
102,sp,102,18,8,0,1
103,sp,103,20,8,1,0
104,sp,104,12,4,2,0
105,sp,105,9,3,1,0
106,sp,106,6,2,0,0
107,sp,107,6,4,0,0
108,sp,108,4,3,1,0
109,sp,109,5,3,0,0
0,to,0,619,572,5,3
1,to,1,417,490,0,0
2,to,2,348,374,1,1
3,to,3,335,338,0,0
4,to,4,315,287,1,0
5,to,5,336,317,0,0
6,to,6,350,341,0,0
7,to,7,366,313,0,0
8,to,8,363,351,0,0
9,to,9,428,442,0,0
10,to,10,431,438,0,0
11,to,11,523,453,0,0
12,to,12,565,533,0,0
13,to,13,595,565,0,0
14,to,14,734,600,0,0
15,to,15,869,706,0,0
16,to,16,899,755,1,0
17,to,17,1134,803,0,1
18,to,18,1146,934,0,0
19,to,19,1318,1151,1,0
20,to,20,1389,1184,2,2
21,to,21,1607,1352,3,3
22,to,22,1575,1435,2,0
23,to,23,1789,1449,5,2
24,to,24,1833,1484,1,4
25,to,25,1844,1549,3,4
26,to,26,1899,1575,0,3
27,to,27,1979,1592,2,2
28,to,28,1804,1611,2,2
29,to,29,1942,1563,2,1
30,to,30,1963,1582,6,8
31,to,31,1962,1675,8,6
32,to,32,2015,1691,3,8
33,to,33,2086,1746,6,5
34,to,34,2047,1719,4,11
35,to,35,2210,1740,6,11
36,to,36,2087,1769,5,8
37,to,37,2107,1699,6,9
38,to,38,2176,1796,10,12
39,to,39,2161,1686,9,12
40,to,40,2064,1644,5,12
41,to,41,1982,1580,6,11
42,to,42,1760,1594,13,24
43,to,43,1907,1634,8,11
44,to,44,1832,1543,17,17
45,to,45,1808,1479,7,18
46,to,46,1717,1409,5,11
47,to,47,1597,1331,9,23
48,to,48,1501,1308,9,11
49,to,49,1400,1296,13,30
50,to,50,1388,1218,14,9
51,to,51,1430,1185,14,14
52,to,52,1340,1183,11,14
53,to,53,1298,1125,9,26
54,to,54,1194,1114,18,22
55,to,55,1170,999,14,23
56,to,56,1131,1025,11,33
57,to,57,1126,954,29,24
58,to,58,996,937,18,29
59,to,59,868,826,22,26
60,to,60,838,736,21,33
61,to,61,721,763,21,35
62,to,62,717,674,18,25
63,to,63,702,651,22,30
64,to,64,683,617,28,38
65,to,65,595,556,28,29
66,to,66,585,516,21,32
67,to,67,478,563,28,36
68,to,68,524,515,21,31
69,to,69,447,443,20,38
70,to,70,432,442,25,39
71,to,71,409,394,26,39
72,to,72,360,390,27,36
73,to,73,383,340,31,32
74,to,74,332,348,20,43
75,to,75,281,279,28,28
76,to,76,250,308,23,41
77,to,77,243,305,21,42
78,to,78,258,282,33,43
79,to,79,228,230,24,39
80,to,80,232,211,33,41
81,to,81,223,247,24,34
82,to,82,159,183,20,29
83,to,83,136,157,24,30
84,to,84,144,162,18,29
85,to,85,135,137,29,38
86,to,86,116,118,20,23
87,to,87,81,117,18,24
88,to,88,90,85,16,17
89,to,89,62,72,10,23
90,to,90,65,81,10,24
91,to,91,51,48,12,13
92,to,92,30,49,5,7
93,to,93,27,49,8,12
94,to,94,20,26,4,7
95,to,95,20,19,7,5
96,to,96,22,18,4,7
97,to,97,11,7,1,5
98,to,98,7,11,3,2
99,to,99,10,12,1,5
100,to,100,9,10,1,1
101,to,101,5,9,1,2
102,to,102,3,9,1,4
103,to,103,1,4,0,1
104,to,104,2,0,0,0
105,to,105,1,1,0,0
106,to,106,1,1,0,0
107,to,107,1,1,0,0
108,to,108,1,1,0,0
109,to,109,0,0,0,0
0,br,0,33612,32016,87,115
1,br,1,22431,29077,33,34
2,br,2,18486,23700,11,12
3,br,3,16014,21745,11,7
4,br,4,14562,20897,11,7
5,br,5,16165,23807,3,12
6,br,6,16881,37635,7,4
7,br,7,17207,22715,5,8
8,br,8,18273,25126,5,11
9,br,9,19300,26108,3,3
10,br,10,20526,26549,6,6
11,br,11,22161,26265,5,10
12,br,12,24722,29495,11,9
13,br,13,27489,31019,6,13
14,br,14,33066,39529,14,10
15,br,15,38792,36585,10,17
16,br,16,44595,42697,15,31
17,br,17,51697,49193,19,22
18,br,18,61303,66708,18,31
19,br,19,73857,72818,30,28
20,br,20,86449,86106,44,27
21,br,21,98857,97286,36,46
22,br,22,103505,110938,37,31
23,br,23,112720,108511,55,63
24,br,24,118662,113964,36,64
25,br,25,124121,120568,61,76
26,br,26,128833,124081,67,85
27,br,27,128236,125838,73,79
28,br,28,126931,124983,90,79
29,br,29,132144,129204,83,99
30,br,30,132674,133373,85,120
31,br,31,139593,137625,111,121
32,br,32,144204,146674,93,125
33,br,33,146475,148003,109,151
34,br,34,147793,148685,132,188
35,br,35,149492,151524,177,221
36,br,36,144788,147100,148,232
37,br,37,148946,157439,173,228
38,br,38,155080,154030,181,270
39,br,39,155919,157218,199,299
40,br,40,144540,142683,206,285
41,br,41,143546,140034,220,316
42,br,42,136286,134801,220,317
43,br,43,131742,131054,230,363
44,br,44,124693,122835,275,364
45,br,45,120556,120095,234,380
46,br,46,118260,113936,238,778
47,br,47,110229,121454,236,415
48,br,48,110965,107730,304,429
49,br,49,105520,103302,275,466
50,br,50,104140,100827,309,496
51,br,51,101425,95546,315,528
52,br,52,98519,95737,383,560
53,br,53,95622,89975,386,582
54,br,54,93897,88871,397,590
55,br,55,91898,87142,432,607
56,br,56,87968,85040,424,635
57,br,57,84916,82729,512,690
58,br,58,78478,75899,502,721
59,br,59,72621,73796,505,3391
60,br,60,68901,66970,509,745
61,br,61,63883,61647,530,783
62,br,62,60196,58915,622,848
63,br,63,57858,57524,655,896
64,br,64,52974,52312,625,855
65,br,65,49685,48933,662,907
66,br,66,47031,47700,676,982
67,br,67,43334,43518,680,918
68,br,68,40274,44896,667,1026
69,br,69,36555,36439,655,1015
70,br,70,34960,35644,723,1037
71,br,71,31610,32834,692,1008
72,br,72,29046,29368,689,1025
73,br,73,27219,27565,705,1038
74,br,74,24226,24032,723,975
75,br,75,21543,21394,657,934
76,br,76,20477,20853,690,1208
77,br,77,19085,19121,677,949
78,br,78,17443,17459,724,992
79,br,79,14747,14582,590,852
80,br,80,14849,14153,627,860
81,br,81,14065,15828,646,3046
82,br,82,12452,11264,613,774
83,br,83,10913,10232,570,742
84,br,84,10526,9581,520,695
85,br,85,9663,8663,554,669
86,br,86,7944,7006,477,607
87,br,87,6421,5601,402,512
88,br,88,6246,5573,452,487
89,br,89,5208,4367,321,474
90,br,90,4976,4330,364,403
91,br,91,4524,3142,316,332
92,br,92,3169,2717,246,278
93,br,93,2686,1967,244,239
94,br,94,2173,1494,168,186
95,br,95,1675,1158,162,167
96,br,96,1304,1148,110,113
97,br,97,893,654,92,102
98,br,98,788,519,65,71
99,br,99,565,368,42,44
100,br,100,548,492,44,32
101,br,101,358,214,33,23
102,br,102,253,167,17,32
103,br,103,216,240,14,18
104,br,104,172,89,15,7
105,br,105,111,62,6,6
106,br,106,107,56,6,3
107,br,107,58,41,2,2
108,br,108,47,32,4,3
109,br,109,41,28,1,0
